title,related,url
"2012 US Army pilot survey: 977 men, 42 women (NATICK/TR-16/013)",ansur-ii-2012,https://apps.dtic.mil/sti/tr/pdf/ADA634277.pdf
ANSUR II pilot study,ansur-ii-2012,https://apps.dtic.mil/sti/tr/pdf/ADA498172.pdf
ANSUR 1988 correlations and regressions (NATICK/TR-90/032),ansur-1988,https://apps.dtic.mil/sti/pdfs/ADA224986.pdf
ANSUR 1988 bivariate frequency tables (NATICK/TR-90/031),ansur-1988,https://apps.dtic.mil/sti/pdfs/ADA222782.pdf
ANSUR 1988 pilot summary statistics (NATICK/TR-91/040),ansur-1988,https://apps.dtic.mil/sti/pdfs/ADA241952.pdf
2020 Army sizing system memo based on ANSUR II,ansur-ii-2012,https://apps.dtic.mil/sti/tr/pdf/AD1100615.pdf
"1946 US Army men and women surveys (105,062 men; 8,864 women)",,https://apps.dtic.mil/sti/pdfs/ADA239831.pdf
"Women's Air Force (WAF) basic trainees, WADC TR 53-12",,https://apps.dtic.mil/sti/tr/pdf/AD0020542.pdf
"Royal Thai Armed Forces, 1964",,https://apps.dtic.mil/sti/tr/pdf/AD0450836.pdf
Canadian Forces matched database validation (NATICK/TR-96/031),,https://apps.dtic.mil/sti/pdfs/ADA310612.pdf
"Selected Anthropometric Dimensions of Naval Aviation Personnel (NAMRL-1141, 1971)",,https://apps.dtic.mil/sti/pdfs/AD0735101.pdf
A Comparison of Selected International Anthropometric Measurements,,https://apps.dtic.mil/sti/tr/pdf/ADA103181.pdf
Robinette et al. (1979). A Comparison of Male and Female Body Sizes and Proportions. AMRL-TR-79-69,,https://apps.dtic.mil/sti/pdfs/ADA074807.pdf
Anthropometry of the Air Force Female Hand. AMRL-TR-69-26,,https://apps.dtic.mil/sti/tr/pdf/AD0710202.pdf
Revised Anthropometric Restrictions for U.S. Navy and Marine Corps aircraft,,https://apps.dtic.mil/sti/tr/pdf/ADA472617.pdf
Anthropometry: A Bibliography with Abstracts (useful for finding accession numbers for unverified rows),,https://apps.dtic.mil/sti/tr/pdf/ADA529930.pdf
