country,population,sex,n,data_year,measures,title,authors,pub_year,journal,doi_or_url,open_access,open_copy_url,language,has_stats_table,notes,_file
Angola,Military academy cadets (Instituto Superior Tecnico Militar),M+F,"90 (48 M, 42 F)",unknown,"BMI, body fat, fat-free mass, push-ups, sit-ups, medicine ball throw, CMJ, 80 m sprint, VO2max",Anthropometrical and Physical Performance Profiles of Military Cadets from Angola,Coge M; Neiva HP; Pereira A; Pereira RM; Ribeiro B; Esteves D,2024,Montenegrin Journal of Sports Science and Medicine 13(2):13-20,10.26773/mjssm.240902,yes,https://mjssm.me/?artid=277&sekcija=article,English,yes,Verified by fetch of journal page. Separate paper from existing PMC11270323 (34-week training effects); same cohort likely but different article.,africa_oceania_reviews
Cameroon,Soldiers at Fifth Military Sector Health Center Ngaoundere vs neighbouring civilians,M+F (81.3% M),"566 (295 soldiers, 271 civilians)",2017-2018 (Oct 2017-Nov 2018),"BMI (median/IQR; military 25.73 vs civilian 24.22), CV risk factors, BP","Surveillance of Cardiovascular Risk Factors in the Fifth Military Sector Health Center, Ngaoundere, Cameroon: Observational Study",Bell Ngan W; Essama Eno Belinga L; Essam Nlo'o ASP; Roche F; Goethals L; Mandengue SH; Bongue B,2020,JMIR Formative Research,10.2196/18567,yes,https://pmc.ncbi.nlm.nih.gov/articles/PMC7728542/,English,yes,Verified via PMC. Anthropometry limited to BMI (median/IQR) plus CV risk factors; mostly clinical.,africa_oceania_reviews
South Africa,"South African Air Force personnel, Air Force Base Bloemspruit, Bloemfontein","M+F (136 M, 30 F)",166,unknown,"BMI, waist circumference, weight, height, lifestyle","Do lifestyle choices influence the development of overweight and obesity in the South African Air Force, Bloemfontein?",Haasbroek C; Lategan-Potgieter R; van Rooyen C; Jordaan E,2021,South African Journal of Clinical Nutrition,10.1080/16070658.2021.1948810,yes,https://scholar.ufs.ac.za/bitstream/handle/11660/10006/HaasbroekC.pdf?sequence=1&isAllowed=y,English,unknown,"Journal DOI confirmed via Crossref; n/sex/measures from UFS MSc dissertation (Haasbroek 2019, Overweight, obesity and associated risk factors in the SAAF, Bloemfontein) fetched. Preprint DOI 10.21203/rs.3.rs-40841/v1. Open status of journal version not verified; thesis is open.",africa_oceania_reviews
Australia,"Australian Army soldiers (ADF), male, 1977 vs 2012 surveys",M,unknown (AWAS 2012 total 2138 incl. 277 F; male subset used),1977 and 2012,"Stature, mass, BMI and multiple body dimensions; absolute and proportional time changes, variability/skew",Time changes in the body dimensions of male Australian Army personnel between 1977 and 2012,Tomkinson GR; Daniell N; Fulton A; Furnell A,2017 (online 2016),Applied Ergonomics 58:18-24,10.1016/j.apergo.2016.05.008,unknown,,English,unknown,Existence/authors/DOI verified via Crossref and search snippet; n not confirmed (publisher page blocked). Secular-trend paper.,africa_oceania_reviews
Australia,Female Australian Army soldiers (body armour fit study),F,97,2019,"22 torso and breast measurements: stature, mass, chest breadth, waist circumference, breast volume, breast surface area, sternal notch distances etc.",Effect of Torso and Breast Characteristics on the Perceived Fit of Body Armour Systems Among Female Soldiers: Implications for Body Armour Sizing and Design,Coltman CE; Brisbine BR; Molloy RH; Steele JR,2022,Frontiers in Sports and Active Living,10.3389/fspor.2022.821210,yes,https://pmc.ncbi.nlm.nih.gov/articles/PMC8959632/,English,yes,"Verified via PMC (Table 4 mean+/-SD, CI, range). Female-soldier anthropometry.",africa_oceania_reviews
New Zealand,"NZDF uniformed personnel (Army, Navy, Air Force) 3D scan and traditional anthropometry; decision-tree combat clothing size prediction",M+F,"1003 (791 M, 212 F) per NZDFAS dataset (from search snippet)",unknown,"3D scan body measurements, waist/hip/bicep girth, biacromial breadth, body weight; clothing size classes",Prediction of military combat clothing size using decision trees and 3D body scan data,Kolose S; Stewart T; Hume P; Tomkinson GR,2021,Applied Ergonomics 95:103435,10.1016/j.apergo.2021.103435,unknown,,English,unknown,DOI/authors verified via Crossref; n from search-engine snippet of NZDFAS (publisher page 403). Related to existing AUT monograph (toab.7) but separate journal paper.,africa_oceania_reviews
New Zealand,NZDF uniformed personnel 3D body scan data; cluster size prediction for military clothing,M+F,unknown (NZDFAS ~1003),unknown,3D scan body measurements; clustering for clothing sizing,Cluster size prediction for military clothing using 3D body scan data,Kolose S; Stewart T; Hume P; Tomkinson GR,2021,Applied Ergonomics 96:103487,10.1016/j.apergo.2021.103487,unknown,,English,unknown,DOI/authors verified via Crossref only; content not fetched (403).,africa_oceania_reviews
Australia,"ADF aircrew (RAAF, 255 measured incl. 9 F) vs US Army personnel",M+F,255 aircrew (from search snippet),unknown,"Stature, mass, sitting height, waist/hip, torso dimensions; comparison with US Army (ANSUR)",Comparison of the Size of ADF Aircrew and US Army Personnel,unknown (DSTO/DST Group authors),unknown,DTIC ADA594454 (DST Group report),https://apps.dtic.mil/sti/pdfs/ADA594454.pdf,yes,https://apps.dtic.mil/sti/pdfs/ADA594454.pdf,English,unknown,Title truncated in search result; fetch returned 403 so not verified; may be in repo under different ID (not in existing list). Cross-national comparison.,africa_oceania_reviews
Australia,Young Australian adults by state (ADF-relevant comparison; likely recruit-age population for ADF clothing),unknown,unknown,unknown,Body size by state,State-by-State Comparison of the Body Size of Young Australian Adults,unknown (DST Group),unknown,DST-Group-TN-1788,https://www.dst.defence.gov.au/sites/default/files/publications/documents/DST-Group-TN-1788.pdf,yes,https://www.dst.defence.gov.au/sites/default/files/publications/documents/DST-Group-TN-1788.pdf,English,unknown,Not verified (403). May be civilian-only sample; check before integrating.,africa_oceania_reviews
Nigeria,Institution-based security personnel (security guards in institutions),unknown,unknown,unknown,"Waist and hip circumference (mean waist 40.68 +/- 3.97, hip 46.68 +/- 2.81 per snippet; units unverified), BMI 23.66 +/- 2.39, physiological variables",Anthropometric and Physiological Characteristics of Institution-Based Security Personnel in Nigeria,unknown,unknown,unknown,unknown,unknown,https://core.ac.uk/works/71263989,English,unknown,UNVERIFIED: page returned 403. Population may be non-military institutional security; check before integrating.,africa_oceania_reviews
Nigeria,Nigerian Armed Forces personnel (Army vs Air Force vs Navy) physical fitness incl. body composition,unknown,unknown,unknown,"Body composition, cardio-respiratory endurance, muscular strength/endurance",Comparative Study of the Physical Fitness of Nigerian Armed Forces Personnel,unknown,unknown,unknown,Ahmadu Bello University Kubanni repository (likely thesis),unknown,https://kubanni.abu.edu.ng/items/c4eaad34-0135-45c5-9b57-7ba880d5bcb2,English,unknown,UNVERIFIED: fetch timed out; seen in search results only. Year unknown.,africa_oceania_reviews
Multi-country,Military personnel (17 studies; countries not enumerated in abstract),M+F,17 studies,unknown,"Body composition/anthropometry as predictors of strength, power, load carriage, cardiorespiratory performance, injury",Body Composition and Physical Performance in Military Personnel: A Systematic Review of Anthropometric Predictors and Operational Implications,Pugas AF; Tavares LM; Silva ECD; Nascimento IBD; Silva RD,2026,Military Medicine,10.1093/milmed/usag353,no,,English,no,Verified via Crossref/Europe PMC; subscription. Review without primary mean/SD tables; may include African/Oceania studies (unknown).,africa_oceania_reviews
Iran (cross-cutting review),"Iranian military personnel, 10 studies pooled",unknown (mostly M),"17,920",2010-2017,"BMI-based overweight/obesity prevalence (pooled overweight 41%, obesity 13%; Navy 69% overweight)",The prevalence of overweight and obesity among Iranian military personnel: a systematic review and meta-analysis,Salimi Y; Taghdir M; Sepandi M; Karimi Zarchi A,2019,BMC Public Health 19:162,10.1186/s12889-019-6484-z,yes,https://pmc.ncbi.nlm.nih.gov/articles/PMC6366090/,English,unknown,Verified via PMC. Systematic review/meta-analysis of military BMI categories (not Africa/Oceania; cross-cutting item). Not in existing list.,africa_oceania_reviews
Brazil/USA (cross-cutting comparison),Brazilian military pilots/aviators vs US military (ANSUR) for flight deck design,unknown,unknown,unknown,Anthropometric body size and proportions (e.g. thumbtip reach) compared across populations,Comparison of anthropometry of Brazilian and US Military population for flight deck design,da Silva G; Gordon C; Halpern M,2018,International Journal of Industrial Ergonomics,10.1016/j.ergon.2018.01.016,unknown,,English,unknown,DOI/authors verified via Crossref; content not fetched (403). Multi-country comparison; existing list only has the Brazil single-country paper.,africa_oceania_reviews
Australia/Canada/NZ/UK/USA (cross-cutting),Female soldiers - clothing and individual equipment framework (TTCP five-nation project),F,not applicable (review),not applicable,"Review of female soldier anthropometry, 3D scanning, fit; no original anthropometric tables",Clothing and individual equipment for the female soldier: developing a framework to improve the evidence base which informs future design and evaluation,Armstrong NC; Rodrigues SA; Gruevski KM; Mitchell KB; Fogarty A; Saunders S; Bossi L,2024 (e-pub; PMC 2025),BMJ Military Health,10.1136/military-2024-002735,yes,https://pmc.ncbi.nlm.nih.gov/articles/PMC12505033/,English,no,Verified via PMC. Review/framework; no mean/SD tables. Include only as background for women-in-combat anthropometry.,africa_oceania_reviews
USA,US Marine Corps women (active duty),F,736,unknown,"height; body mass; DXA & BIA body composition (FFM, %BF, BMI); fitness scores",Physical performance and body composition reference values for modern US Marine Corps women,Potter AW; Looney DP; Tharion WJ; Nindl LJ; Pazmino A; Soto LD; Arcidiacono DM; Friedl KE,2023,"BMJ Nutrition, Prevention & Health",10.1136/bmjnph-2023-000757,yes,https://pmc.ncbi.nlm.nih.gov/articles/PMC11009549/,English,yes,abstract gives mean+-SD height/mass; print volume may be 2024,americas
USA,US Army Soldiers (ANSUR II 2012 survey data),M+F,5603,2010-2012,94 body measurements + 3D scans used to derive body surface area equations,Formulae for calculating body surface area in modern U.S. Army Soldiers,Looney DP; Sanford DP; Li P; Santee WR; Doughty EM; Potter AW,2020,Journal of Thermal Biology,10.1016/j.jtherbio.2020.102650,no,,English,unknown,ANSUR II derived analysis; data years inferred from ANSUR II survey (2010-2012),americas
USA,Female US Army Ranger Course graduates + 1 USMC Infantry Officer Course graduate,F,13,unknown,height; body mass; BMI; DXA body composition; 3D body surface scans; anthropometry,Physical and Physiological Characterization of Female Elite Warfighters,McClung HL; Spiering BA; Bartlett PM; Walker LA; Lavoie EM; Sanford DP; Friedl KE; et al.,2022,Medicine & Science in Sports & Exercise,10.1249/mss.0000000000002942,no,https://pmc.ncbi.nlm.nih.gov/articles/PMC9390221/,English,yes,PMC author manuscript; women in combat roles; n=12 Ranger + 1 IOC per abstract,americas
USA,Active-duty US Marines (men and women; perfect 300 PFT/CFT vs others),M+F,1721 (497 F; 1224 M),unknown,height; body mass; age; DXA body composition,The 300 Marines: characterizing the US Marines with perfect scores on their physical and combat fitness tests,Looney DP; Potter AW; Schafer EA; Chapman CL; Friedl KE,2024,Frontiers in Physiology,10.3389/fphys.2024.1406749,yes,https://pmc.ncbi.nlm.nih.gov/articles/PMC11217602/,English,yes,abstract gives sex-specific height and mass mean+-SD,americas
USA,Active-duty US Marines,M+F,2177,unknown,DXA body composition; BIA phase angle; FFMI; %BF,Phase angle identifies a muscle quality phenotype associated with physical performance in U.S. marines,Potter AW; Christopoulos CL; Friedl KE,2026,Frontiers in Physiology,10.3389/fphys.2026.1904857,yes,https://pmc.ncbi.nlm.nih.gov/articles/PMC13459097/,English,unknown,body composition focus; table presence not checked,americas
USA,Active-duty US Marines,M+F,2153 (1421 M; 732 F),unknown,waist-to-height ratio; tape test; BMI; DXA %BF,A waist-to-height ratio of 0.50 marks declining physical performance in active adults,Potter AW; Christopoulos CL; Cialdella-Kam L; Friedl KE,2026,European Journal of Clinical Nutrition,10.1038/s41430-026-01798-z,no,,English,unknown,abstract only,americas
USA,US Marine Corps recruits (MCRD training),M+F,281 (182 M; 99 F),unknown,height; body mass at weeks 2 and 11; body mass tracked over 3 timepoints,A Sex Comparison of the Physical and Physiological Demands of United States Marine Corps Recruit Training,McFadden BA; Cintineo HP; Chandler AJ; Mastrofini GF; Vincenty CS; Peterson P; Lovalekar M; Nindl BC; Arent SM,2024,Military Medicine,10.1093/milmed/usae071,no,,English,unknown,anthropometry secondary to workload outcomes,americas
USA,US Marine Corps recruits,M+F,161 (male and female),unknown,BMI; %BF; fat mass; lean body mass; skeletal muscle mass by BIA (InBody 770) pre/post boot camp,The Scales Have Tipped: U.S. Marine Corps Boot Camp Increases Muscle Mass and Reduces Body Fat in Recruits,Kloss E; Bennett D; Givens AC; Niederberger B; Palombo L; Kelly KR,2026,Military Medicine,10.1093/milmed/usag405,no,,English,unknown,abstract only,americas
USA,Marine Corps Officer Candidates School candidates,M+F,55 (27 F) baseline; 28 (11 F) post,unknown,body mass; lean mass; fat mass; %BF (pre/post OCS),"Sex-Specific Lean Mass Changes during Marine Corps Officer Candidates School and Associations with Physical Health, Performance, and Military Readiness",Koltun KJ; Forse JN; Feigel ED; Tiede D; Kargl CK; Steele EJ; Bird MB; Lovalekar M; Martin BJ; Nindl BC; et al.,2026,Medicine & Science in Sports & Exercise,10.1249/mss.0000000000003918,no,,English,unknown,abstract only,americas
USA,US Army Soldiers attending Special Forces Assessment and Selection,unknown,795,2015-2017,"height; body mass; BMI; DXA %BF, fat mass, lean mass, BMC",Anthropometrics and Body Composition Predict Physical Performance and Selection to Attend Special Forces Training in United States Army Soldiers,Farina EK; Thompson LA; Knapik JJ; Pasiakos SM; McClung JP; Lieberman HR,2022,Military Medicine,10.1093/milmed/usab315,no,,English,unknown,Crossref online date 2021-07; SFAS cohort (sex not verified),americas
USA,US Military Academy (West Point) cadets,M+F,239,2021,20 circumferences from Styku 3D scanner; body composition; ACFT performance,Body shape and performance on the US Army Combat Fitness Test: Insights from a 3D body image scanner,Smith M; Turner D; Spencer C; Gist N; Ferreira S; Quigley K; Walsh T; Clark N; Boldt W; Espe J; et al.,2023,PLOS ONE,10.1371/journal.pone.0283566,yes,https://pmc.ncbi.nlm.nih.gov/articles/PMC10155989/,English,unknown,Feb-Apr 2021 data; cluster analysis of body shape,americas
USA,US Army basic training recruits scanned at Fort Jackson,M+F,17680 (28% F),unknown,161 anthropometric measurements from 3D body scans (Human Solutions),Machine learning prediction of combat basic training injury from 3D body shape images,Morse S; Talty K; Kuiper P; Scioletti M; Heymsfield SB; Atkinson RL; Thomas DM,2020,PLOS ONE,10.1371/journal.pone.0235017,yes,https://pmc.ncbi.nlm.nih.gov/articles/PMC7326186/,English,unknown,large 3D-scan recruit dataset; ages 17-21,americas
USA,US Army basic training recruits (BMI/waist via 3D scanner) plus NHANES III,M+F,20896 recruits (28% F),unknown,BMI; waist circumference (3D scanner); ROC thresholds vs ABCP %BF standards,Revisiting the United States Army body composition standards: a receiver operating characteristic analysis,Nelson R; Cheatham J; Gallagher D; Bigelman K; Thomas DM,2019,International Journal of Obesity,10.1038/s41366-018-0195-x,no,,English,unknown,mixed civilian NHANES III plus recruit data,americas
USA,US Army Soldiers entering basic combat training,M+F,185125 (143398 M; 41727 F),2010-2012,height; body mass; BMI by quintile; run time; push-ups; injury,Impact of physical fitness and body composition on injury risk among active young adults: A study of Army trainees,Jones BH; Hauret KG; Dye SK; Hauschild VD; Rossi SP; Richardson MD; Friedl KE,2017,Journal of Science and Medicine in Sport,10.1016/j.jsams.2017.09.015,no,,English,yes,abstract states descriptive means and SDs were computed,americas
USA,US Army active duty Soldiers (Army-representative sample),M+F,1904 (643 F),unknown,DXA %BF; circumference-based body fat; BIA; ACFT; injury,Science behind policy: implementing a modern circumference-based body fat equation with a physical fitness threshold is associated with lower musculoskeletal injury risk,McClung HL; Bartlett PM; Spiering BA; Foulis SA; Oliver TE; Walker LA; Nguyen VT; Proctor SP; et al.,2025,International Journal of Obesity,10.1038/s41366-024-01701-5,yes,https://pmc.ncbi.nlm.nih.gov/articles/PMC11999870/,English,unknown,,americas
USA,US Army Basic Combat Training recruits,M+F,1407 (481 F; 926 M),unknown,DXA %BF vs circumference-based %BF pre/post 8 weeks BCT,Body composition changes during 8 weeks of military training are not accurately captured by circumference-based assessments,Foulis SA; Friedl KE; Spiering BA; Walker LA; Guerriere KI; Pecorelli VP; Zeppetelli DJ; Reynoso MC; et al.,2023,Frontiers in Physiology,10.3389/fphys.2023.1183836,yes,https://pmc.ncbi.nlm.nih.gov/articles/PMC10282178/,English,unknown,,americas
USA,Female elite warfighters (Army Ranger graduates) vs female basic combat trainees,F,11 FEW plus matched comparison cohorts,unknown,height; body composition (DXA); bone density and microarchitecture,Bone status of female elite warfighters: a retrospective comparative analysis to basic combat trainees,Smith NI; Bartlett PM; Taylor KM; Foulis SA; Gaffney-Stomberg E; Lutz LJ; Aaron KG; Walker LA; et al.,2025,BMJ Military Health,10.1136/military-2025-003098,no,,English,unknown,women in combat roles; mainly bone outcomes; anthropometry secondary,americas
USA,US Army Command and General Staff College officers and others,M+F,136,unknown,BMI; %BF; waist circumference; waist-to-height ratio,Comparisons of Baseline Obesity Prevalence and Its Association with Perceived Health and Physical Performance in Military Officers,Hollerbach BS; Haddock CK; Kukic F; Poston WSC; Jitnarin N; Jahnke SA; DeBlauw JA; Heinrich KM,2022,Biology (Basel),10.3390/biology11121789,yes,https://pmc.ncbi.nlm.nih.gov/articles/PMC9774890/,English,unknown,"75.7% male, 79.6% officers",americas
USA,US Army ROTC cadets,M+F,unknown,unknown,BMI; fat mass; fat-free mass; FFMI; APFT/ACFT scores,Sex Differences in Body Composition and Fitness Scores in Military Reserve Officers' Training Corps Cadets,Roberts BM; Rushing KA; Plaisance EP,2023,Military Medicine,10.1093/milmed/usaa496,no,,English,unknown,ROTC (pre-commissioning); online date possibly 2021,americas
USA,US Air Force ROTC cadets,unknown,unknown,unknown,BMI; body composition by several methods,Comparing Body Composition Methods for Air Force Reserve Officers' Training Corps Cadets,Naylor TR; Kiss JE; Fullenkamp AM; Garon DK,2024,Military Medicine,10.1093/milmed/usad311,no,,English,unknown,abstract only,americas
USA,US Air Force ROTC cadets,unknown,unknown,unknown,automated body composition methods validity over 12-week training,Cross-Sectional and Longitudinal Validity of Automated Body Composition Methods in U.S. Air Force Reserve Officers' Training Corps Cadets Throughout a 12-Week Physical Training Program,Graybeal AJ; Puleali'i S; Rodriguez C; Schwarz AV; Johnson MF; Kaylor MG; Addison; et al.,2026,Military Medicine,10.1093/milmed/usag107,no,,English,unknown,abstract not read; existence confirmed in Europe PMC,americas
USA,US Army ROTC cadets,unknown,unknown,unknown,body composition; ACFT performance predictors,"What Drives Army Fitness Testing Success? Analysis of Body Composition, Performance, and Predictive Measures Among ROTC Cadets",Shaul Y; Sax van der Weyden M; Martin J,2026,Journal of Strength and Conditioning Research,10.1519/jsc.0000000000005574,no,,English,unknown,abstract not read; existence confirmed in Europe PMC,americas
USA,US Army Soldiers (ANSUR II female torso data),F,unknown,unknown,torso anthropometric measurements + 3D torso surface data; PCA shape classes,A shape classification scheme for female torso,Li P; Mitchell KB,2023,Applied Ergonomics,10.1016/j.apergo.2022.103904,no,,English,unknown,abstract says large-scale anthropometric survey (presumed ANSUR II; not confirmed),americas
USA,US Army Soldiers (ANSUR II 2012 3D scan data),M+F,unknown,2012,prediction of anthropometric measurements from 3D body scans,Predicting Anthropometric Measurements from 3D Body Scans: Methods and Evaluation,Li P; Paquette S,2019,Advances in Intelligent Systems and Computing (AHFE conference chapter),10.1007/978-3-030-20216-3_52,no,,English,unknown,ANSUR II derived; details from search snippet and Crossref,americas
USA,US Army Soldiers (body armor plate fit; 3D manikins),M+F,unknown,unknown,3D body shape manikins; plate size prediction,Virtual fit assessment of U.S. army body armor using NASA spacesuit techniques,Kim KH; Green WJ; Hernandez Y; Rajulu SL; Choi-Rokas HE; Li P; Garlie TN; Mitchell KB,2024,Applied Ergonomics,10.1016/j.apergo.2024.104339,no,,English,unknown,body armor sizing; n and source scan population not read,americas
USA,"US Army Soldiers, active and reserve (Global Assessment Tool)",M+F,239329,2013-2015,Body Composition Test and APFT pass/fail results; demographics,Body Composition and Physical Fitness Tests Among US Army Soldiers: A Comparison of the Active and Reserve Components,Russell DW; Kazman J; Russell CA,2019,Public Health Reports,10.1177/0033354919867069,no,https://pmc.ncbi.nlm.nih.gov/articles/PMC6852058/,English,unknown,pass/fail rates rather than raw anthropometry; marginal,americas
USA,US Soldiers (height weight vs ACFT),unknown,unknown,unknown,height; weight; ACFT scores,"The Relationship Between Soldier Height, Weight and Army Combat Fitness Scores",Palmer R; DeBeliso M,2021,medRxiv/bioRxiv preprint,10.1101/2021.12.22.473875,no,,English,unknown,preprint; details not read,americas
Canada,Canadian Armed Forces members (online survey),M+F,2182 responses (1333 M; 271 F as extracted; counts do not sum),2021 (Sep-Dec),self-reported stature groups; fit acceptability of 8 clothing/equipment items,Clothing and Equipment Fit Among Male and Female Canadian Armed Forces Members,Gruevski; Sy; Bossi; Moon; Bae; Keefe,2024,Military Medicine,10.1093/milmed/usae179,no,,English,yes,"tables are fit-rating means/SD by sex and stature group, not body-size tables; sex counts inconsistent in my extraction",americas
Brazil,Brazilian Army male cadets (AMAN),M,270,2013-2014,DXA body composition; BIVA; weight; height; BMI; waist circumference; fat mass %,Effect of Physical Training on Body Composition in Brazilian Military,Gobbo LA; Langer RD; Marini E; Buffa R; Borges JH; Pascoa MA; Cirolini VX; Guerra-Junior G; Goncalves EM,2022,International Journal of Environmental Research and Public Health,10.3390/ijerph19031732,yes,https://pmc.ncbi.nlm.nih.gov/articles/PMC8834877/,English,yes,7-month training; Tables 1 and 3 mean/SD,americas
Brazil,Brazilian Army male cadets,M,29,unknown,DXA body composition; REE; fitness,Adaptive thermogenesis and changes in body composition and physical fitness in army cadets,Borges JH; Hunter GR; Silva AM; Cirolini VX; Langer RD; Pascoa MA; Guerra-Junior G; Goncalves EM,2019,Journal of Sports Medicine and Physical Fitness,10.23736/s0022-4707.17.08066-5,no,,English,unknown,34-week training; ages 17-22,americas
Brazil,Brazilian Navy Marines (Fuzileiros Navais),M,1107,unknown,"body mass; stature; BMI; %fat; skinfolds (pectoral, subscapular etc.) by age group",Correlacao da idade com estado nutricional e medidas antropometricas em Fuzileiros Navais da Marinha do Brasil: um estudo transversal,Gomes DV; Almeida ACPA; Sant'Anna ML; Salerno VP,2022,Revista de Educacao Fisica / Journal of Physical Education,10.37310/ref.v91i1.2802,yes,https://revistadeeducacaofisica.emnuvens.com.br/revista/article/download/2802/2981,Portuguese,unknown,mean BMI 24.7+-3.1; 5 age groups 18-33,americas
Brazil,Brazilian Army male personnel (population random sample),M,49414,unknown,BMI; conicity index; waist circumference; body fat index; waist-to-height ratio by age group,Prevalencia de risco elevado de doenca coronariana segundo diferentes indicadores antropometricos em militares do Exercito Brasileiro: um estudo populacional,Cunha RSP; Martins LCX; Waissmann W,2023,Revista de Educacao Fisica / Journal of Physical Education,10.37310/ref.v92i1.2929,yes,https://revistadeeducacaofisica.emnuvens.com.br/revista/article/download/2929/3031,Portuguese,unknown,,americas
Brazil,Brazilian Air Force male personnel,M,46,unknown,"BMI; waist circumference; waist-hip ratio; VO2max (mean BMI 25.85, WC 93.30)",Correlacao entre as medidas antropometricas e aptidao cardiorrespiratoria em militares do sexo masculino,da Silva FLC; Monteiro PC; Borges MAO; Lima BLP; Lima VP,2019,RBPFEX - Revista Brasileira de Prescricao e Fisiologia do Exercicio,https://www.rbpfex.com.br/index.php/rbpfex/article/view/1710,yes,https://www.rbpfex.com.br/index.php/rbpfex/article/view/1710,Portuguese,unknown,mean+-SD in abstract,americas
Brazil,Brazilian Army soldiers aged 19-25,M,50,unknown,body mass; height; BMI; DEXA lean/fat mass and %fat; isokinetic strength,Relacao entre forca muscular total e indicadores antropometricos em Militares do Exercito Brasileiro,Goncalves MM; Marson RA; Fortes MSR; Neves EB; Novaes JS,2017,"RBONE - Revista Brasileira de Obesidade, Nutricao e Emagrecimento",http://www.rbone.com.br/index.php/rbone/article/view/533,yes,https://www.rbone.com.br/index.php/rbone/article/download/533/449,Portuguese,unknown,body mass 71.2+-9.1 kg; height 1.75+-0.1 m,americas
Brazil,Newly incorporated Brazilian Army soldiers,unknown,68,2016,height; body mass; abdominal circumference; skinfolds; fitness; PHQ-9; WHOQOL,Niveis de aptidao fisica e qualidade de vida em militares recem-incorporados ao Exercito Brasileiro,Pires PH; Delevatti RS; Silva RF,2018,RBPFEX - Revista Brasileira de Prescricao e Fisiologia do Exercicio,https://www.rbpfex.com.br/index.php/rbpfex/article/view/1509,yes,https://www.rbpfex.com.br/index.php/rbpfex/article/download/1509/1115,Portuguese,unknown,sex not stated,americas
Brazil,Brazilian Army soldiers (metabolic syndrome epidemiology),M,2719,2014-2016,"BMI; waist circumference; blood markers (mean age 27.8, BMI 25.15)",Epidemiological study of metabolic syndrome in Brazilian soldiers,Fortes MSR; Rosa SE; Coutinho W; Neves EB,2019,Archives of Endocrinology and Metabolism,10.20945/2359-3997000000115,yes,https://pmc.ncbi.nlm.nih.gov/articles/PMC10528660/,English,unknown,,americas
Brazil,Military Police Shock Battalion Pernambuco,M,146,2019,BMI (mean 26.77); waist-hip ratio (0.87); body composition; fitness,Caracterizacao da aptidao fisica de militares do choque do estado de Pernambuco,Souza MR; Brito-Gomes JL; Lima FF; Brito AF,2020,RBPFEX - Revista Brasileira de Prescricao e Fisiologia do Exercicio,https://www.rbpfex.com.br/index.php/rbpfex/article/view/1888,yes,https://www.rbpfex.com.br/index.php/rbpfex/article/download/1888/1581,Portuguese,unknown,"issue labelled 2019, published May 2020; data year assumed 2019",americas
Brazil,Military police officers (Santa Catarina),M,226,unknown,fat mass; waist-hip ratio; waist-to-height ratio; fitness,Aptidao fisica e indices de adiposidade em policiais militares,Knihs DA; Zimmermann HB; Dal Pupo J; Reis LF,2023,RBPFEX - Revista Brasileira de Prescricao e Fisiologia do Exercicio,https://www.rbpfex.com.br/index.php/rbpfex/article/view/2718,yes,https://www.rbpfex.com.br/index.php/rbpfex/article/download/2718/1913,Portuguese,unknown,,americas
Brazil,Military firefighters (operational vs administrative),M,121,unknown,body mass; %BF; fat mass; lean mass; BMI; waist circumference; somatotype,Anthropometric profile of military firefighters: comparison between operational and administrative work groups,Knihs DA; de Moura BM; Reis LF,2018,Revista Brasileira de Medicina do Trabalho,10.5327/z1679443520180122,no,https://pmc.ncbi.nlm.nih.gov/articles/PMC7104815/,English,unknown,military fire brigade; body mass 78.5 vs 84.6 kg,americas
Brazil,Military police BOPE and traffic battalion (Paraiba),M,47,unknown,waist circumference; BMI; %BF; fitness battery,"Health-related physical fitness of military police officers in Paraiba, Brazil",Lima-Dos-Santos AL; Domingos-Gomes JR; Dantas Andrade OS; Cirilo-Sousa MS; et al.,2018,Revista Brasileira de Medicina do Trabalho,10.5327/z1679443520180304,no,https://pmc.ncbi.nlm.nih.gov/articles/PMC7394536/,English,unknown,,americas
Brazil,"Military lifeguards (beach lifeguards, military fire service)",M,99,unknown,anthropometric measurements by age group; strength; running,Physical fitness profile of military lifeguards,de Oliveira F; Correa Neto VG; de Mello RCF; Miranda H,2024,Revista Brasileira de Medicina do Trabalho,10.47626/1679-4435-2023-1123,yes,https://pmc.ncbi.nlm.nih.gov/articles/PMC11452121/,English,unknown,military status of lifeguards per title; marginal,americas
Brazil,"Military police officers and firefighters, Parana",M+F,"7968 (6621 police: 5927 M, 694 F; 1347 firefighters: 1257 M, 90 F)",2018-2019,anthropometric measurements; lifestyle; comorbidities; labs,"Comparative analysis of the health status of military police officers and firefighters: a cross-sectional study in the State of Parana, Brazil",Santos ARD; Ihlenfeld MFK; Olandoski M; Barreto FC,2022,BMJ Open,10.1136/bmjopen-2021-049182,yes,https://pmc.ncbi.nlm.nih.gov/articles/PMC9453999/,English,unknown,,americas
Brazil,Brazilian military pentathlon athletes (female),F,unknown,unknown,body composition,Atletas de pentatlo militar feminino com melhor composicao corporal apresentam melhor desempenho na modalidade,Schramm; Bastos; Mainenti,2017,Journal of Physical Education (Maringa),10.4025/jphyseduc.v28i1.2806,yes,http://www.scielo.br/scielo.php?script=sci_arttext&pid=S2448-24552017000100106&tlng=pt,Portuguese,unknown,existence confirmed via DOAJ only; n not read; military athletes,americas
Chile,"Chilean Army soldiers, Buin Infantry Regiment",unknown,415,unknown,height; weight; BMI; %body fat; fat-free mass; total body water,Composicion corporal en soldados chilenos del Regimiento Buin,Duran-Aguero S; Maraboli Ulloa D; Fernandez Frias F; Cubillos Schmied G,2017,Revista Espanola de Nutricion Humana y Dietetica,10.14306/renhyd.21.1.268,yes,https://renhyd.org/index.php/renhyd/article/view/268,Spanish,unknown,obesity 14.3% by BMI; sex not stated in extracted text,americas
Chile,"Chilean soldiers, Buin Infantry Regiment",unknown,412,unknown,BMI categories; diet habits,Asociacion entre habitos alimentarios e indice de masa corporal normal en soldados chilenos,Duran-Aguero S; Maraboli Ulloa D; Cubillos-Schmied G; Fernandez-Frias F,2016,Revista Espanola de Nutricion Humana y Dietetica,10.14306/renhyd.20.4.265,yes,https://www.renhyd.org/renhyd/article/download/265/215,Spanish,unknown,BMI distribution only; anthropometry minimal,americas
Chile,Chilean Army soldiers (age groups 20-29 and 30-40),unknown,14,unknown,weight; height; BMI; fat mass; fat-free mass; VO2max; CMJ,Detraining's Effects on Cardiorespiratory Fitness and Maximal and Explosive Strength in Army Soldiers: Does Age Matter?,Arce-Alvarez A; Zaio A; Salazar-Ardiles C; Alvarez C; Merino-Munoz P; Vasquez-Munoz M; Izquierdo M; et al.,2024,Sports (Basel),10.3390/sports12070183,yes,https://pmc.ncbi.nlm.nih.gov/articles/PMC11280788/,English,unknown,country inferred from author affiliations; verify,americas
Colombia,Colombian military personnel (book chapter),unknown,unknown,unknown,BMI and other anthropometric indicators in military personnel,Indice de masa corporal en militares y otros indicadores antropometricos,Gomez Leguizamon M; Mora Plazas M,2020,"Caracterizacion del fitness del militar colombiano (book, ESMIC)",10.21830/9789585241466.01,yes,https://www.ejercito.mil.co/enio/recurso_user/doc_contenido_pagina_web/800130633_4/604515/libro_caracterizacion_del_fitness_del_militar_colombiano.pdf,Spanish,unknown,book chapter pp 17-38; abstract not retrieved (PDF host returned 403),americas
Colombia,"Cadets of Escuela Militar de Cadetes, advanced combat course",unknown,unknown,unknown,anthropometric changes during combat course,Cambios antropometricos en estudiantes del curso avanzado de combate en la Escuela Militar de Cadetes,Aparicio Gomez DF,2020,"Caracterizacion del fitness del militar colombiano (book, ESMIC)",10.21830/9789585241466.02,yes,https://www.ejercito.mil.co/enio/recurso_user/doc_contenido_pagina_web/800130633_4/604515/libro_caracterizacion_del_fitness_del_militar_colombiano.pdf,Spanish,unknown,book chapter pp 39-55; different from existing Cortes 2018 item; details not read,americas
Colombia,Students of Colombian Army formation schools,unknown,unknown,unknown,body composition by bioelectrical impedance,Composicion corporal por bioimpedancia electrica en estudiantes de escuelas de formacion del ejercito colombiano,Cubides Amezquita JR; Aedo Munoz E; Mesa JC; Chavarro Castaneda ID,2020,"Caracterizacion del fitness del militar colombiano (book, ESMIC)",10.21830/9789585241466.03,yes,https://www.ejercito.mil.co/enio/recurso_user/doc_contenido_pagina_web/800130633_4/604515/libro_caracterizacion_del_fitness_del_militar_colombiano.pdf,Spanish,unknown,book chapter pp 57-77; details not read,americas
Ecuador,Aspirants to military formation schools,M,64,unknown,BMI; muscle %; fat %; height; fitness tests,Relacion entre resultados antropometricos y condicion fisica de los alumnos en escuelas de formacion militar,Morocho Morocho HG; Campana Bonilla MV,2025,Ciencia y Educacion,10.5281/zenodo.17518892,yes,https://www.cienciayeducacion.com/index.php/journal/article/download/zenodo.17518892/2283,Spanish,unknown,ages 18-25; country from article,americas
Ecuador,Ecuadorian Air Force military aeronautic pentathlon team,unknown,unknown,2014,"BMI; %fat; bone, residual and muscle mass; Heath-Carter somatotype",La composicion corporal y su relacion con el rendimiento deportivo del equipo de pentatlon aeronautico militar de la fuerza aerea ecuatoriana en el 56th campeonato mundial en Pirassununga-Brasil 2014,Palacios Aguirre L; Rodriguez Reyes R,2016,Revista Ciencias Pedagogicas e Innovacion,10.26423/rcpi.v4i2.133,yes,https://www.revistas.upse.edu.ec/index.php/rcpi/article/download/1108/881,Spanish,unknown,military athletes; small team,americas
Ecuador,Ecuadorian military personnel (metabolic syndrome),unknown,unknown,unknown,anthropometric values; metabolic syndrome,Metabolic syndrome prevalence in military personnel and correlation with anthropometric values in Ecuador,Gualan; Gualan,2023,Revista Cubana de Medicina Militar,https://revmedmilitar.sld.cu/index.php/mil/article/view/2401,yes,https://revmedmilitar.sld.cu/index.php/mil/article/view/2401,Spanish,unknown,existence from DOAJ record; page not retrievable (503/empty); fields unverified,americas
China,PLA male military personnel aged 18-25 vs civilian controls,male,353 military (+380 controls),unknown,"height, weight, BMI, WHR, body fat %, muscle mass, fat mass, segmental composition",Body mass index and waist-to-hip ratio misclassification of overweight and obesity in Chinese military personnel,Zhu Q; Huang B; Li Q; Huang L; Shu W; Xu L; Deng Q; Ye Z; Li C; Liu P,2020,Journal of Physiological Anthropology,https://doi.org/10.1186/s40101-020-00236-8,yes,https://pmc.ncbi.nlm.nih.gov/articles/PMC7444050/,English,yes,Fetched; mean height 170.98 (SD 5.05) cm per search snippet,eastasia
Taiwan,ROC Armed Forces soldiers (3D scanner + CT) for body armour sizing,both,"988 (716 M, 272 F)",unknown,17 body variables from 3D scan; cluster sizes,Designing new sizing bulletproof vests for Taiwanese soldiers,Wen C-H; Shih Y-C,2021,International Journal of Clothing Science and Technology,https://doi.org/10.1108/IJCST-09-2019-0150,no,,English,unknown,Fetched abstract (Emerald paywall); ResearchGate listing dated 2020 online; an earlier snippet said 902 armed forces personnel aged 28-52 (conflicts with 988; use 988 per abstract),eastasia
Taiwan,National Defense University cadets/students (2018) for army casual jacket size recommendation,both (two gender categories),988,2018,shoulder width and other body dimensions; jacket size,Research on constructing a classification model for recommending sizes of Land Force casual service jackets using data mining [original: 運用資料探勘建構陸階軍便服上衣尺碼推薦分類模型之研究],Liu Wei-qian; Wen Zhi-hao,2019,Army Logistics Quarterly (陸軍後勤季刊) 108(4),https://www.airitilibrary.com/Article/Detail/P20230131001-N202303100012-00002,unknown,,Chinese,unknown,Fetched Airiti abstract; same n=988 as Wen & Shih - likely overlapping sample; Airiti ID suggests digitised 2023,eastasia
Taiwan,"Military males (CHIEF cohort, ROC Armed Forces) aged 18-50",male,3669,2014,"BMI, waist circumference, waist-to-height ratio, BP",Metabolically healthy obesity and physical fitness in military males in the CHIEF study,Wang S-H; Chung P-S; Lin Y-P; Tsai K-Z; Lin S-C; Fan C-H; Lin Y-K; Lin G-M,2021,Scientific Reports,https://doi.org/10.1038/s41598-021-88728-0,yes,https://pmc.ncbi.nlm.nih.gov/articles/PMC8079407,English,yes,Fetched; same cohort underlies many CHIEF papers,eastasia
Taiwan,Military males (CHIEF cohort),male,3669 (1376 smokers),2014,"BMI 24.87+-3.10, waist circumference 83.39+-7.95 cm, HR, BP",Association of tobacco smoking with physical fitness of military males in Taiwan: the CHIEF study,Su F-Y; Wang S-H; Lu HH-S; Lin G-M,2020,Canadian Respiratory Journal,https://doi.org/10.1155/2020/5968189,yes,https://pmc.ncbi.nlm.nih.gov/articles/PMC6969999/,English,yes,Fetched; CHIEF cohort overlaps,eastasia
Taiwan,Male flight cadets / aircrew (ROCAF),male,82,2023,"height, weight, BMI; G tolerance, sprint, jump","Relationship between the G tolerance, physical performance, and cardiac force index in male aircrew: a prospective observational study",Lai C-Y; Huang W-W; Kuo C-L; Tsai W-C; Chang C-C; Chang N-J,2025,Medicine and Science in Sports and Exercise,https://doi.org/10.1249/MSS.0000000000003763,yes,https://pmc.ncbi.nlm.nih.gov/articles/PMC13007904/,English,yes,Fetched (population stated as military aircrew/flight cadets; air force identity inferred),eastasia
Taiwan,"Military athletes/personnel (CHIEF-related, military health examination)","both (151 M, 25 F)",176,unknown,"waist circumference, height, BMI, WHtR, BRI, WWI, fitness runs/push-ups",Triglyceride-glucose-waist-to-height ratio index and left ventricular diastolic function in military athletes,Lin Y-C; Huang W-C; Huang S-H; Yu W-C; Sui X; Lavie CJ; Lin G-M,2026,JACC: Advances,https://doi.org/10.1016/j.jacadv.2026.102865,yes,https://pmc.ncbi.nlm.nih.gov/articles/PMC13311818/,English,yes,Fetched; clinical-leaning but Table 1 has anthropometrics,eastasia
Taiwan,Military young adults (CHIEF cohort) incident hypertension,unknown (CHIEF is mostly male),unknown,unknown (CHIEF 2014-2020),"various anthropometric indices (BMI, WC, WHtR etc.)",Comparisons of various anthropometric indices for incident hypertension in military young adults: the CHIEF cohort study,Tsai K-Z; Lin Y-C; Huang C-M; Yang K-T; Chen H-H; Wang H-S; Lin G-M,2025,"Endocrine, Metabolic & Immune Disorders - Drug Targets",https://doi.org/10.2174/0118715303303679240611120022,unknown,,English,unknown,Existence confirmed via Europe PMC listing only; publisher page returned 403 so details unverified,eastasia
South Korea,Air Force Academy male cadets (4th year),male,105,2022,"weight, skeletal muscle mass, fat mass, BMI (InBody 720), run/sit-up/push-up","Physical strength, body composition, and G-test results of air force cadets based on nutrition knowledge differences",Sung J-Y; Lee K-L,2024,Scientific Reports,https://doi.org/10.1038/s41598-024-53600-4,yes,https://pmc.ncbi.nlm.nih.gov/articles/PMC10847096/,English,yes,Fetched,eastasia
South Korea,"Korean Air Force Academy male cadets, all 4 grade years",male,363,unknown,"height, leg length, SMM, fat mass, body fat %, BMI, FMS, G tolerance",Analysis of the relationship between body imbalance characteristics and physical ability in air force cadets: physical function and gravity acceleration resistance,Sung J-Y; Jeong D-H; Lee K-L,2024,Scientific Reports,https://doi.org/10.1038/s41598-024-70531-2,yes,https://pmc.ncbi.nlm.nih.gov/articles/PMC11347663/,English,yes,Fetched,eastasia
South Korea,Air Force cadets (pass vs fail G-test),male,30,2023-2024 (15 May 2023 - 14 May 2024),"height, weight, BMI, SMM, fat mass/%, FMS, bite force, masseter thickness",Anatomical and functional asymmetry predicts G-force tolerance in high-intensity physical performers,Lee K-L; Sung J-Y; Kim H-J,2026,Scientific Reports,https://doi.org/10.1038/s41598-026-39250-8,yes,https://pmc.ncbi.nlm.nih.gov/articles/PMC12982537/,English,yes,Fetched; small n,eastasia
South Korea,Air Force cadet-type male participants (G-test),male,30,2024 (Dec),"height, weight, SMM, fat mass, BMI, cartilage thickness, isokinetic strength",Structural and functional asymmetry of the lower limb related to gravitational acceleration tolerance,Sung J-Y; Kim I-K; Lee K-L,2025,iScience,https://doi.org/10.1016/j.isci.2025.114506,yes,https://pmc.ncbi.nlm.nih.gov/articles/PMC12856277/,English,yes,"Fetched; publication year listed 2025 on page, Europe PMC says 2026; population described only as male participants (air force link inferred from author group/topic)",eastasia
South Korea,Army (elite) personnel,unknown,92,unknown,"body fat %, skeletal muscle mass (BIA); combat fitness",Body composition and sleep quality as determinants of combat fitness in army personnel: independent contributions and moderating effects,Lee Y; Kim K-B; Shin S,2026,Military Medicine,https://doi.org/10.1093/milmed/usaf567,unknown,,English,unknown,Fetched OUP abstract; epub Dec 2025,eastasia
South Korea,"Military male cadets and female cadets, BMI-matched (Korean Army-type APFT and KCFT)",both,"86 (43 M, 43 F)",unknown,"height, weight, SMM, body fat %, BMI, WHR; fitness tests","The comparative study of body composition, Army Physical Fitness Test and Korean Combat Fitness Test of male and female military cadets [original: 남녀 사관생도의 신체조성, 군체력 및 한국형 전투체력 검사의 비교 연구]",Yoo Dong Hun; Ku Heegon,2021,Korean Journal of Sports Science (한국체육과학회지),https://doi.org/10.35159/kjss.2021.12.30.6.991,unknown,,Korean,unknown,Fetched KCI abstract page; KCI id ART002801514,eastasia
South Korea,"Air Force Academy male freshman cadets with ~20% body fat, 8-week circuit training",male,9,unknown,"weight, SMM, BMI, body fat %; basic fitness","A study on body composition and basic physical fitness of Air Force cadres by 8 weeks circulation exercise [original: 공군사관생도의 8주간 순환운동에 따른 신체조성, 기초체력 변화연구]",Kim Keunsu; Jin Chanho; Song Sung-Woo; Kim In Ki,2020,Technology Management (기술경영),https://www.kci.go.kr/kciportal/ci/sereArticleSearch/ciSereArtiView.kci?sereArticleSearchBean.artiId=ART002597164,unknown,,Korean,unknown,Fetched KCI; n very small; intervention study,eastasia
South Korea,"Korean military males (4,803) vs civilians (1,108) aged 19-29",male,4803 military,2013-2014 (military); KNHANES 2010-2013 (civilian),"BMI 23.0+-2.81, waist circumference 76.6+-7.5 cm, BP, lipids",The prevalence of obesity and metabolic syndrome in the Korean military compared with the general population,Lee JH; Seo DH; Nam MJ; Lee GH; Yang DH; Lee MJ; Choi U-R; Hong S,2018,Journal of Korean Medical Science,https://doi.org/10.3346/jkms.2018.33.e172,yes,https://pmc.ncbi.nlm.nih.gov/articles/PMC6000597,English,yes,Fetched,eastasia
South Korea,"Korean military men, pre-enlistment vs in-service health check-ups",male,503136 paired,2019-2022 pre-enlistment; 2020-2022 in-service,"height, weight, BMI, BP",Impact of Korean military service on the prevalence of steatotic liver disease: a longitudinal study of pre-enlistment and in-service health check-ups,Lee J; Jung JH; Choi SJ; Ha B; Yang H; Sung PS; Bae SH; Yu JA,2024,Gut and Liver,https://doi.org/10.5009/gnl240077,yes,https://pmc.ncbi.nlm.nih.gov/articles/PMC11391135/,English,yes,Fetched; BMI 23.3+-3.8 pre vs 24.0+-3.2 in-service,eastasia
South Korea,Republic of Korea Air Force male personnel; Air Force Database 2021/2024 vs Size Korea 2015/2021 (flight suit sizing),male,unknown,"2021 and 2024 (AF database); 2015, 2021 (Size Korea)","height, chest circumference; flight suit size coverage (86.6% current; 35 proposed sizes)",Improving the flight suit sizing system for Korean male Air Force personnel through anthropometric analysis,Nam Young-ran; Lee Mi-yeon; Yoon Mi-kyung,2025,Journal of the Korean Society of Clothing and Textiles 49(6),https://doi.org/10.5850/JKSCT.2025.49.6.1297,yes,https://www.koreascience.kr/article/JAKO202501361224916.view,English (KoreaScience page; journal Korean),unknown,"Fetched abstract; full PDF not checked for n/tables; AF personnel height +1.0 cm, chest +0.8 cm",eastasia
South Korea,"ROK Air Force male personnel, 3D whole-body scanner for uniform issue (open dataset)",male,15885 records,~2024-2025 (file dated 2025-06-03),3D body scan measurements (columns not listed on landing page),"국방부_공군 신체측정정보(남)_20250603 (MND ROK Air Force body measurement information, male)","Ministry of National Defense (Korea), Air Force HQ",2025,data.go.kr open dataset,https://www.data.go.kr/data/15090354/fileData.do,yes,https://www.data.go.kr/data/15090354/fileData.do,Korean,unknown,Dataset not paper; free CSV download,eastasia
South Korea,"ROK Navy personnel, custom uniform measurement (open dataset)",unknown,10539 records,file dated 2022-08-29,"enlistment year/class, chest, waist, hip circumference, total length",국방부_해군 장병 맞춤피복 측신 정보_20220829 (MND Navy personnel custom uniform measurement information),Ministry of National Defense (Korea),2022 (registered 2024),data.go.kr open dataset,https://www.data.go.kr/data/15106296/fileData.do,yes,https://www.data.go.kr/data/15106296/fileData.do,Korean,unknown,Dataset not paper; sex composition not documented,eastasia
South Korea,ROK Air Force male pilots vs general Korean males,male,unknown,unknown,metabolic syndrome components incl. waist circumference,Difference in the prevalence of metabolic syndrome components between male pilots of the Republic of Korea Air Force and the general Korean male population,Ku B; Song DH,2026,BMJ Military Health,https://doi.org/10.1136/military-2026-003444,unknown,,English,unknown,Existence confirmed via Europe PMC listing only (publisher 403); anthropometric content unverified,eastasia
Thailand,Royal Thai Army personnel (health examination),both (91.3% M),512476,2017-2021,"BMI (mean 24.7+-3.7 in 2017 to 25.0+-3.9 in 2021), weight, height, BMI categories",Rising trends in obesity prevalence among Royal Thai Army personnel from 2017 to 2021,Sakboonyarat B; Poovieng J; Jongcherdchootrakul K; Srisawat P; Hatthachote P; Mungthin M; Rangsin R,2022,Scientific Reports,https://doi.org/10.1038/s41598-022-11913-2,yes,https://pmc.ncbi.nlm.nih.gov/articles/PMC9095636/,English,yes,Fetched,eastasia
Thailand,"New male army conscripts, 4 regions",male,54622,2009-2024,"BMI age-adjusted means, obesity prevalence by Asia-Pacific and WHO cutoffs",Rising trends in body mass index and obesity prevalence among young Thai men: a 16-year analysis of new military conscript data (2009-2024),Jongcherdchootrakul K; Poovieng J; Hempatawee N; Hatthachote P; Mungthin M; Rangsin R; Sakboonyarat B,2026,BMC Research Notes,https://doi.org/10.1186/s13104-026-07650-8,yes,https://pmc.ncbi.nlm.nih.gov/articles/PMC12892435,English,yes,Fetched; secular trend; tables in supplement,eastasia
Thailand,Royal Thai Army active-duty personnel,both (88% M),62113,2022,"BMI 25.4+-3.8, BP, pulse pressure",Relationship between pulse pressure and body mass index in active-duty Royal Thai Army personnel in Thailand,Sakboonyarat B; Poovieng J; Sangkool T; Lertsakulbunlue S; Jongcherdchootrakul K; Srisawat P; Mungthin M; Rangsin R,2023,BMC Cardiovascular Disorders,https://doi.org/10.1186/s12872-023-03390-w,yes,https://pmc.ncbi.nlm.nih.gov/articles/PMC10355046/,English,yes,Fetched,eastasia
Thailand,Royal Thai Army active-duty personnel,both,109821,2022,"waist circumference, height, body roundness index, BP, glucose, lipids, uric acid",Association between body roundness index and metabolic risk factors for cardiovascular disease among active-duty military personnel in Thailand,Poovieng J; Wongkliawrian N; Thuncharoon N; Jongcherdchootrakul K; Srisawat P; Hatthachote P; Mungthin M; Rangsin R; Sakboonyarat B,2026,Journal of Southeast Asian Medical Research,https://doi.org/10.55374/jseamed.v10.267,yes,https://jseamed.org/index.php/jseamed/article/view/267,English,unknown,Fetched abstract page,eastasia
Thailand,"New male Royal Thai Army conscripts in basic training, 5 units",male,809,2013 (1 May - 9 Jul),"BMI categories, daily body weight, age 21.4+-1.13",Personal risk factors associated with heat-related illness among new conscripts undergoing basic training in Thailand,Nutong R; Mungthin M; Hatthachote P; Ukritchon S; Imjaijit W; Tengtrakulcharoen P; Panichkul S; Putwatana P; Prapaipanich W; Rangsin R,2018,PLoS ONE,https://doi.org/10.1371/journal.pone.0203428,yes,https://pmc.ncbi.nlm.nih.gov/articles/PMC6122829/,English,yes,Fetched; anthropometry limited to BMI/weight (clinical-leaning),eastasia
Thailand,"Royal Thai Army personnel, 1-year exercise follow-up",unknown,unknown,unknown,"Visceral Adiposity Index (waist, BMI, lipids)",Effect of exercise on decreasing Visceral Adiposity Index among the Royal Thai Army personnel in Thailand: a 1-year follow-up study,Sakboonyarat B; Poovieng J; Wongkliawrian N; et al.,2025,BMJ Military Health,https://doi.org/10.1136/military-2025-003009,unknown,,English,unknown,Existence confirmed via Europe PMC listing only (publisher 403),eastasia
Malaysia,"Malaysian military cadets (270 enrolled, 244 completed)",unknown,244,unknown,"height, weight, BMI, body fat %, muscle mass/%, BMR, water %, sit-ups, push-ups, 2.4 km run VO2max",Association between body composition and fitness performance among Malaysian military cadets,Mohamad Chan EW; Ahmad MF; Hashim SH; Sailillah R; Mat Rasid SM,2025,"Proceedings of the 10th International Conference on Movement, Health and Exercise (MoHE 2024), Springer",https://doi.org/10.1007/978-981-96-8757-2_5,no,,English,unknown,Fetched abstract via Springer; tables not checked,eastasia
Singapore,"Male SAF conscripts (national service), cohort",male,212631,enlistment data period unknown; follow-up 9.6 y mean,"age 19.1+-1.4, height 1.72+-0.06 m, BMI 21.7+-3.9, 2.4 km run","Cardiorespiratory fitness, body mass index, cardiovascular disease, and mortality in young men: a cohort study",Gorny AW; Yap J; Neo JW; Chow WE; Yeo KK; Tan CS; Muller-Riemenschneider F,2023,Frontiers in Public Health,https://doi.org/10.3389/fpubh.2023.1076065,yes,https://www.frontiersin.org/journals/public-health/articles/10.3389/fpubh.2023.1076065/full,English,yes,Fetched; also PMC9975166,eastasia
Singapore,"Young Asian male SAF members, 18-34 y at baseline",male,148825,fitness tests 1993-2015; outcomes 2007-2018,"BMI (available for 100846), 2.4 km run time/VO2max",Longitudinal change in cardiorespiratory fitness and the association with cardiovascular disease and all-cause mortality in young Asian men: a cohort study,Gorny AW; Prakaash S; Neo JW; Chow W; Yeo KK; Yap J; Muller-Riemenschneider F,2024,BMJ Open Sport & Exercise Medicine,https://doi.org/10.1136/bmjsem-2024-001986,yes,https://pmc.ncbi.nlm.nih.gov/articles/PMC11404237/,English,yes,Fetched; anthropometry secondary,eastasia
Singapore,Pre-enlistment screening males aged 16-25 (future SAF/SCDF/SPF conscripts),male,49033,2017-04 to 2019-09,"height, weight, BMI, body fat % (BIA), office and 24h ambulatory BP",Blood pressure and hypertension in adolescents and young adults: results from a nationwide screening program,Loo WTW; Ho WHH; Lim DYZ; Thiagarajan N; Ang WK; Han JYJ; Goy S; Sng GGR; Lim LK; Lim HY,2025,Journal of Clinical Hypertension,https://doi.org/10.1111/jch.70075,yes,https://pmc.ncbi.nlm.nih.gov/articles/PMC12331881/,English,"no (centiles, not mean/SD)","Fetched; pre-enlistee (not yet serving) population; centile tables; same screening programme as Han et al 2026 dyslipidaemia paper (J Clin Lipidol, doi 10.1016/j.jacl.2026.04.032, unverified)",eastasia
Indonesia,"TNI-AD soldiers, with vs without Pleton Tangkas training (30 + 30)",male (implied),60,2018 or earlier,"height, weight, arm/chest/abdominal circumference, skinfolds (triceps, biceps, abdomen, subscapular)",Anthropometric measurements in TNI-AD soldiers: comparison between those participating and not participating in Pleton Tangkas training [original: Ukuran antropometris pada prajurit TNI AD ...],Annisa Kartika D.,2018,"Skripsi (undergraduate thesis), Universitas Airlangga",https://repository.unair.ac.id/79403/,yes,https://repository.unair.ac.id/79403/3/JURNAL_Fis.ANT.30%2018%20Dew%20u.pdf,Indonesian,unknown,Fetched abstract page; thesis (grey literature); a separate search-result title mentioned Yonif Linud 503,eastasia
Montenegro,Armed Forces soldiers of 8 military specialties,male,240,2020,height; weight; abdominal/chest/thigh skinfolds; BMI; body fat %,Body Mass Index and Measures of Body Fat for Defining Obesity and Underweight: A Cross-Sectional of Various Specialties in Montenegrin Army Soldiers,Popovic S; Banjevic B; Masanovic B; Bjelica D,2020,Iranian Journal of Public Health,10.18502/ijph.v49i12.4821,yes,https://pmc.ncbi.nlm.nih.gov/articles/PMC8215063/,English,yes,Verified via PMC fetch (Table 1 means/SD by specialty),easteurope
Montenegro,Armed Forces personnel in 8 age groups (18-21 to 50+),unknown (likely male),240,unknown,height; weight; BMI; body fat % (overall means: height 181.29 cm; weight 91.95 kg; BMI 28.00),Body Mass Index and Body Fat Percentage of Armed Forces Personnel in Montenegro among Different Age Groups,Banjevic B; Popovic S; Masanovic B,2020,Iranian Journal of Public Health,unknown (see URL),yes,https://pmc.ncbi.nlm.nih.gov/articles/PMC7475623/,English,yes,Verified via PMC fetch; DOI not retrieved; means by age group present; SD not confirmed,easteurope
Montenegro,Army recruits (n=25) and professional soldiers (n=25) aged 18-25,male (implied),50,unknown,height; mass; waist/hip/chest/thigh/forearm circumferences; abdomen/chest/thigh skinfolds; BMI; body fluid %; WHR; spirometry,Morphological and Functional Characteristics of Army Recruits and Professional Soldiers of Montenegro Armed Forces,Banjevic B; et al. (full author list not retrieved),2020,Journal of Anthropology of Sport and Physical Education 4(1):25-32,10.26773/jaspe.200104,yes,https://jaspe.ucg.ac.me/?artid=131&sekcija=article,English,unknown,Verified via journal page; tables not visible in fetch,easteurope
Montenegro,Army recruits from Bar municipality (born 1957-1969),male,3670,1979-1987,height; weight; BMI (secular trend by birth cohort),Analysis of Trends in Anthropometric Characteristics of Montenegrin Recruits from Bar in Period from 1979 to 1987,Vasiljevic I; Martinovic S; Gardasevic J; Bubanja M; Malovic P; Vrevic E; Redzepagic S,2020,Journal of Anthropology of Sport and Physical Education 4(3):3-7,10.26773/jaspe.200701,yes,https://jaspe.ucg.ac.me/?artid=149&sekcija=article,English,yes,Verified; height 175.82+-7.04 cm; weight 68.33+-9.73 kg; BMI 22.06+-2.58,easteurope
Montenegro,Recruits (future soldiers) from Niksic tested 1957-1969,male,10738,1957-1969,height; weight; BMI (trend),Analysis of Trends in Anthropometric Characteristics of Montenegrin Young Men from Niksic from 1957 to 1969,Gardasevic J; Martinovic S; Vasiljevic I; Bubanja M; Malovic P; Vrevic E,2020,Sport Mont 18(2):55-59,10.26773/smj.200616,yes,https://sportmont.ucg.ac.me/?artid=1749&sekcija=article,English,yes,Verified; height 178.58+-6.86 cm; weight 68.56+-8.66 kg; BMI 21.48+-2.27,easteurope
Montenegro,Male adolescents at pre-recruitment exam of Yugoslav People's Army (Berane municipality),male,8740,1979-1987,height; weight; BMI; nutritional status,"Trajectories of Body Height, Body Weight, BMI, and Nutrition Status from 1979 to 1987: A Measurement-Based Analysis of 8740 Montenegrin Male Adolescents from the Municipality of Berane",unknown (authors not retrieved),2021,International Journal of Environmental Research and Public Health 18(10):5490,10.3390/ijerph18105490,yes,https://www.mdpi.com/1660-4601/18/10/5490,English,unknown,Title/DOI/n confirmed via search results only; PDF fetch unreadable; verify authors and military-exam data source,easteurope
Montenegro,Pre-recruitment medical exam data of male adolescents (former Yugoslav People's Army) nationwide,male,83274,1979-1987,height; weight; BMI; nutritional status categories,"Body height, body weight, BMI, and nutritional status among male adolescents in Montenegro: a nationwide archival study from 1979 to 1987",Popovic S; Gardasevic J; Martinovic S; Masanovic B; Matic RM,2026,Frontiers in Public Health,10.3389/fpubh.2026.1767488,yes,https://www.frontiersin.org/journals/public-health/articles/10.3389/fpubh.2026.1767488/full,English,yes,Verified; birth cohorts 1961-1969; height 176.76+-6.91 cm; weight 67.80+-8.93; BMI 21.67+-2.39; conscript-exam data,easteurope
Czechia,Army of Czech Republic soldiers from 6 military units,male and female,446 (337 M; 109 F),unknown,height; weight; waist circumference; body fat % and visceral fat area (BIA),Body mass index limitation of overweight and obesity in Czech military personnel,Kupsova B; Pavlik V; Fajfrova J; Safka V; Lasak P; Horacek JM,2025,Central European Journal of Public Health,10.21101/cejph.a8529,yes,https://cejph.szu.cz/pdfs/cjp/2025/02/03.pdf,English,unknown,Verified via journal page; data presumably 2023-2025 (not stated),easteurope
Czechia,Czech Army soldiers in 6 units (education intervention; baseline+6/12 mo),male and female,200 (139 M; 61 F),2023-2025,height; weight; BMI; body fat %; muscle mass; visceral fat (bioimpedance),"The Effect of Education on Nutrition, Exercise, and Body Composition on Weight Reduction in the Czech Army",Kupsova B; Pavlik V; Fajfrova J; Safka V; Lasak P; Horacek JM,2026,Military Medicine,10.1093/milmed/usag039,no (abstract verified),,English,unknown,Verified via OUP abstract page; interventional with baseline anthropometry,easteurope
Poland,Soldiers of Polish Air Cavalry units,male,120,unknown (autumn),height 179.2+-6.2 cm; weight 82.1+-9.5 kg; BMI; fat mass index; BMD (DXA); BIA,"Association Between Diet, Physical Activity and Body Mass Index, Fat Mass Index and Bone Mineral Density of Soldiers of the Polish Air Cavalry Units",Anyzewska A; Lakomy R; Lepionka T; Szarska E; Maculewicz E; Tomczak A; Bertrandt J,2020,Nutrients 12(1):242,10.3390/nu12010242,yes,https://pmc.ncbi.nlm.nih.gov/articles/PMC7019523/,English,yes,Verified via PMC,easteurope
Poland,Professional soldiers of Polish Air Force (flight crew and ground staff),male,477 (of 543),2017-2018,BMI; IPAQ physical activity; age-group BMI medians/IQR,Assessment of the Level of Physical Activity and Body Mass Index of Soldiers of the Polish Air Force,Tomczak A; Anyzewska A; Bertrandt J; Lepionka T; Kruszewski A; Gazdzinska A,2022,International Journal of Environmental Research and Public Health 19(14):8392,10.3390/ijerph19148392,yes,https://pmc.ncbi.nlm.nih.gov/articles/PMC9318013/,English,yes,Verified; only BMI (median/IQR by age) as anthropometry,easteurope
Poland,Pilot cadets at Polish Air Force Academy Deblin (pilots n=17; navigators n=12),male,29,2019,body mass; height; BMI; fat mass; fat-free mass; muscle mass; total body water (BIA); fitness tests,Changes in physical fitness and body composition of pilot cadets before and after a process of directed flight preparation,Prokopczyk A; Wochynski Z,2022,BMC Sports Science Medicine and Rehabilitation,10.1186/s13102-022-00547-6,yes,https://pmc.ncbi.nlm.nih.gov/articles/PMC9364541/,English,yes,Verified via PMC,easteurope
Poland,Cadet pilots at Polish Air Force Academy Deblin (6-month flight training),male,20,unknown (ethics approval 2009),age 22.0+-1.5; weight 73.4+-4.3 kg; height 177.8+-4.4 cm; BMI 23.3+-1.5 (Table 1); heart rate/BP; psychomotor tests,Assessment of the psychomotor fitness level of cadet pilots after a 6-month flight training period - pilot study,Wochynski Z; Skrzynska-Rekawek J; Kobos Z,2023,Frontiers in Psychology,10.3389/fpsyg.2023.1205412,yes,https://pmc.ncbi.nlm.nih.gov/articles/PMC10499522/,English,yes,Verified via PMC; anthropometry minimal (descriptive Table 1),easteurope
Hungary,Active-duty Hungarian Defence Forces personnel in lifestyle programme,male and female,40 (21 M; 19 F),unknown,body composition changes (sex-specific) after 6-month intervention,Sex-specific body composition changes after a pilot multidisciplinary lifestyle intervention in active-duty Hungarian Defence Forces personnel,unknown,2026,unknown (PubMed 42422889),https://pubmed.ncbi.nlm.nih.gov/42422889/,unknown,unknown,English,unknown,Found via search snippet only; PubMed fetch blocked; verify authors/journal/DOI. Possibly overlaps with existing Honved Body-Shape Programme entries,easteurope
Latvia,Latvian military personnel (age groups),unknown,unknown,unknown,BMI; anthropometric characteristics; physical fitness tests,Analysis of physical fitness tests and the body composition of the military personnel,Plavina L; Umbrasko S,2016,Papers on Anthropology 25(1),10.12697/poa.2016.25.1.03,yes,https://ojs.utlib.ee/index.php/PoA/article/view/poa.2016.25.1.03,English,unknown,Verified via journal abstract page; n and tables not confirmed,easteurope
Latvia,Soldiers of Latvian National Armed Forces (survey + anthropometric data),unknown,150,unknown,anthropometric data for uniform sizing + end-user survey,Anthropometric parametrization of uniforms for armed forces,Dabolina I; Vilumsone A; Lapkovska E,unknown (c. 2017),unknown,https://www.researchgate.net/publication/317604168_ANTHROPOMETRIC_PARAMETRIZATION_OF_UNIFORMS_FOR_ARMED_FORCES,unknown,,English,unknown,From search snippet only; ResearchGate fetch blocked; year/venue unverified,easteurope
Estonia,Estonian Defence Forces conscripts (previous lifestyle vs fitness; APFT n=1906),male,235 (questionnaire); 1906 APFT,2014,age; height 1.83+-0.07 m; weight 78.9+-12.1 kg; BMI 23.5+-3.6,The Influence of Previous Lifestyle on Occupational Physical Fitness in the Context of Military Service,Oja L; Piksoot J,2023,International Journal of Environmental Research and Public Health 20(3):1860,10.3390/ijerph20031860,yes,https://pmc.ncbi.nlm.nih.gov/articles/PMC9914509/,English,yes,Verified via PMC,easteurope
Estonia,Estonian active servicemen vs civilians,unknown,unknown,unknown,physical abilities and body composition,Physical fitness and body composition of Estonian active servicemen,unknown,2018,Journal of Science and Medicine in Sport,https://www.jsams.org/article/S1440-2440(17)31124-6/pdf,unknown,,English,unknown,From search snippet only (likely conference abstract); fetch blocked; verify,easteurope
Ukraine,Male soldiers of Armed Forces of Ukraine (nine age groups 18-60+; height 1.50-2.06 m),male,unknown (normative regression; 21 references),unknown,body weight norms by height/age/constitution (optimal body weight formula),Body mass assessment of male soldiers of the Armed Forces of Ukraine,Mykhaylov V; Korostylova Y; Mykhaylov V,2024,Scientific Journal of National Pedagogical Dragomanov University Series 15 5(178):121-130,10.31392/udu-nc.series15.2024.5(178).25,unknown,,Ukrainian/English,unknown,Verified via OUCI record; derived normative tables not primary survey,easteurope
Ukraine,Cadets of higher military educational institutions (martial-law conditions),unknown,39,unknown,body length; mass; circumferences of neck/shoulder/chest/wrist/waist/hips/thigh; hand dynamometry; skinfolds,Monitoring of the physical state of cadets of higher military educational institutions under martial law (Monitoring fizichnogo stanu kursantiv...),unknown,2023,unknown,https://www.researchgate.net/publication/371797182_Monitoring_fizicnogo_stanu_kursantiv_visih_vijskovih_navcalnih_zakladiv_v_umovah_pravovogo_rezimu_voennogo_stanu,unknown,,Ukrainian,unknown,From search snippet only; ResearchGate fetch blocked; verify authors/journal,easteurope
Ukraine,Military personnel (excess body weight as CVD risk factor),male (likely),unknown,2023,BMI-based overweight/obesity prevalence (26.0% obesity vs 13.2% male population),Study of the prevalence of excess body weight among military personnel as a leading risk factor of diseases of the cardiovascular system,unknown,2023,World of Medicine and Biology,https://womab.com.ua/en/smb-2023-03/9894,unknown,,English,unknown,From search snippet only; page fetch failed (redirect loop); verify,easteurope
North Macedonia,Military Academy Skopje cadets (years 1-4),unknown,122,unknown,biomotor/fitness tests (NATO standards); anthropometry not confirmed,Determining the biomotor abilities efficiency of the military (cadets),unknown,2019,STUME Journals (conference),https://stumejournals.com/journals/confsec/2019/2/48.full.pdf,yes,https://stumejournals.com/journals/confsec/2019/2/48.full.pdf,English,unknown,Low priority; PDF unreadable; likely fitness only,easteurope
Oman,Royal Air Force of Oman aircrew recruits/cadets,male (assumed; unknown),2296,2003-2012,five anthropometric dimensions incl. standing height (Oman cadets mean 171.9 cm); compared with UK and Singapore,A Cross-Cultural Anthropometric Analysis in Military Aviation,Al Wardi Y; Jeevarathinam S; Al Sabei S,2020,Aerospace Medicine and Human Performance,https://doi.org/10.3357/AMHP.5530.2020,no,,English,unknown,Abstract verified via Europe PMC (PMID 32493559); different paper from existing Cogent 2016 Oman study,southasia_mideast
Iran,"Military personnel (military hospital database), age 20-65",male,2200,unknown,"weight, height, BMI, waist circumference, BP, lipids, glucose; MetS and obesity phenotypes",The Prevalence of Metabolic Syndrome and Different Obesity Phenotype in Iranian Male Military Personnel,Payab M; Hasani-Ranjbar S; Merati Y; Esteghamati A; Qorbani M; Hematabadi M; Rashidian H; Shirzad N,2017,American Journal of Men's Health,https://doi.org/10.1177/1557988316683120,yes,https://pmc.ncbi.nlm.nih.gov/articles/PMC5675284/,English,unknown,Mostly clinical/MetS; anthropometry as descriptive variables (mean age 33.4); abstract verified,southasia_mideast
Iran,Iranian military personnel,unknown,unknown,2022,"obesity/overweight prevalence and CV risk factors (BMI, likely waist)","Prevalence of Obesity, Overweight and other Cardiovascular Risk Factors Among Iranian Military Personnel in 2022",Alimohamadi Y; Sepandi M; Samadipour E (et al.),2026,Journal of Biostatistics and Epidemiology,https://doi.org/10.18502/jbe.v11i3.21372,unknown,,English,unknown,"Citation verified via Crossref only; abstract/full text not retrieved so n, sex, measures unconfirmed",southasia_mideast
India,Healthy male volunteers (age 18-56) measured for cockpit ergonomics; likely Indian Air Force / Institute of Aerospace Medicine personnel (unconfirmed),male,400,unknown,"32 cockpit-relevant anthropometric parameters, manual anthropometer vs VITUS 3D laser scanner",Standardisation of 3D-laser whole body scanner protocol for anthropometric measurements in cockpit ergonomics,Binu Sekhar M; Biswal P; Raghunandan V; Tripathy NK,2025,Medical Journal Armed Forces India,https://doi.org/10.1016/j.mjafi.2025.05.014,unknown,,English,unknown,Method-comparison study; abstract verified via Europe PMC (PMID 41268015); distinct from existing Chandran 2025 IJASM scanner paper,southasia_mideast
India,Indian military aircrew,unknown (likely male),210,unknown,"height, weight, waist and hip circumference, skinfold thickness, BMI, WHR plus MetS markers",Metabolic Syndrome in Military Aircrew Using a Candidate Definition,Sharma S; Chandrashekar AM; Singh V,2016,Aerospace Medicine and Human Performance,https://doi.org/10.3357/AMHP.4663.2016,no,,English,unknown,Clinical focus (MetS) but anthropometry measured; abstract verified (PMID 27634698),southasia_mideast
India,"Indian federal contingency force (central armed police) commandos, Gujarat",unknown,116,unknown (published 2026),"percent body fat (InBody 770 BIA), BMI, obesity classification",Prevalence and predictors of percent body fat-defined obesity among federal contingency force commandos in India: implications for military obesity standards,Bhat D; Shah R; Rupani M; Tank N; Sheth A; Viramgami A (et al.),2026,BMC Public Health,https://doi.org/10.1186/s12889-026-28667-5,unknown,,English,unknown,Abstract verified via Europe PMC (PMID 42482010); author list truncated in source listing,southasia_mideast
India,Male military recruits before basic training,male,234 enrolled (224 analysed),unknown,"anthropometry, DEXA body composition (BMI, fat mass index), vitamin D, glucose, lipids","Vitamin D, body mass composition and metabolic risk factors in healthy young Indians",Menon AS; Kapoor R; Anayath S; Garg MK,2021,Medical Journal Armed Forces India,https://doi.org/10.1016/j.mjafi.2020.05.011,unknown (PMC copy listed),https://pmc.ncbi.nlm.nih.gov/articles/PMC8459086/,English,unknown,Primary aim vitamin D; DEXA body composition of recruits; abstract verified (PMID 34594080),southasia_mideast
India,"Indian Air Force personnel grouped by BMI (normal/overweight/obese), age 20-40",male,230,unknown,"BMI, clinical BP, 24h ABPM",Evaluating Air Force Personnel with Higher Body Mass Indexes by Monitoring Ambulatory Blood Pressure,Tripathy NK; Joshi VV; Raghunandan V,2026,Aerospace Medicine and Human Performance,https://doi.org/10.3357/AMHP.5960.2026,no,,English,unknown,Weak anthropometric content (BMI groups only); clinical focus; abstract verified (PMID 41461189),southasia_mideast
India,Paramilitary recruits (mean age 26.3 y),"97% male, 3% female",200,unknown,"height, weight, BMI (mean 22.6 +/- 2.06), BMD T-score",Assessment of Bone Mineral Density and Its Correlation with Body Mass Index and Stress Fractures among Paramilitary Recruits,Upadhyay AK; Rajpoot MS; Agrawal N; Jain V; Gohiya A; Pandey S,2026,Journal of Orthopaedic Case Reports,https://doi.org/10.13107/jocr.2026.v16.i02.6860,yes,https://pmc.ncbi.nlm.nih.gov/articles/PMC12884284/,English,unknown,Fetched from journal site; mainly BMD study with BMI categories,southasia_mideast
Pakistan,Pakistani servicemen from all over Pakistan (multistage stratified sample),unknown (servicemen; likely male),2501,unknown,"BMI, waist-to-hip ratio, diet/FFQ, smoking, activity",Nutritional assessment of servicemen in relation to area of duty and feeding habits: a Pakistani prospective,Khan MAF; Sohaib M; Iqbal S; Haider MS; Chaudhry M,2021,Brazilian Journal of Biology,https://doi.org/10.1590/1519-6984.250789,unknown,,English,unknown,Abstract verified via Europe PMC (PMID 34468536); anthropometric means not confirmed,southasia_mideast
Bangladesh,Bangladesh Army unit personnel (adults),unknown,835,2018 (Jul-Dec),"BMI categories, BP, fasting cholesterol and glucose",Prevalence of Risk Factors for Cardiovascular Diseases among Selected Military Personnel of Bangladesh,Rustom ATMA; Rahman MM; Iqbal SA; Hasan MNA,2020,Journal of Armed Forces Medical College Bangladesh,https://doi.org/10.3329/jafmc.v14i2.45906,yes,https://www.banglajol.info/index.php/JAFMC/article/view/45906,English,unknown,BanglaJOL page fetched; sibling of existing bd-2018-rahman paper (same issue); anthropometry limited to BMI,southasia_mideast
Bangladesh,"Border Guard Bangladesh (paramilitary) personnel aged >40, Chattogram Hill Tracts",unknown,1225,2017,"BMI (52.5% overweight, 1.2% obese), waist-hip ratio, BP, glucose, lipids",Prevalence of Cardiovascular Diseases Risk Factors among Border Guard Bangladesh Personnel,Wahab MA; Rahman MM; Razzak A; Rahman I; Zafreen F,2019,Journal of Armed Forces Medical College Bangladesh,https://doi.org/10.3329/jafmc.v14i1.42717,yes,https://www.banglajol.info/index.php/JAFMC/article/view/42717,English,unknown,BanglaJOL page fetched; author initials may be incomplete,southasia_mideast
Nepal,"Nepal Police recruits (trainees), Butwal and Kathmandu academies",unknown,570,2019 (Mar-May),"body fat %, BMI before/after training and scale diet, VO2",The Impact of Basic Police Training and Scale Diet on Body Composition and Aerobic Performance of Nepal Police Officers Trainees,Rajbhandari B; Pant S; Adhikari B; Gurung M; Poudel L; Shilpakar O (et al.),2022,Journal of Nepal Health Research Council,https://doi.org/10.33314/jnhrc.v19i04.3990,unknown,,English,unknown,Abstract verified via Europe PMC (PMID 35615846); paramilitary-type police,southasia_mideast
Nepal,"Nepal Police personnel, Far Western Province",male and female,1055,unknown (annual medical check),"height, weight, BMI (33% pre-obese), waist circumference, BP",Hypertension and Risk Factors in Nepalese Police in Far Western Region,Paudel D; Lageju N; Wangdi K,2026,Journal of Nepal Health Research Council,https://doi.org/10.33314/jnhrc.v23i03.4751,unknown,,English,unknown,Abstract verified (PMID 41851943); hypertension focus,southasia_mideast
Nepal,"Gurkha veterans (ex-servicemen), Palpa district",unknown,189,2019,"BMI/overweight-obesity, BP, NCD risk factors",Noncommunicable disease risk factors and predictors of hypertension among Gurkha veterans in Nepal: a community-based cross-sectional study,Adhikari N; Sapkota KP; Panthi S; Acharya R; Bhusal M; Bhattarai S; Dorji G; Budhathoki SS; Baral D; Pokharel PK,2025,BMC Public Health,https://doi.org/10.1186/s12889-025-22919-6,yes,https://pmc.ncbi.nlm.nih.gov/articles/PMC12065312/,English,unknown,Veterans not serving personnel; weak anthropometric content; include only if veterans acceptable,southasia_mideast
Israel,"Israeli adolescents medically examined before mandatory military service (conscription candidates, age ~17.4)",male and female (60% male),2785227,1967-2015,"height, weight, BMI, secular trend of stature by BMI percentile",The association between obesity and secular trend of stature: a nationwide study of 2.8 million adolescents over five decades,Geva N; Pinhas-Hamiel O; Reichman B; Derazne E; Vivante A; Barak Y; Afek A; Tirosh A; Twig G,2019,International Journal of Obesity,https://doi.org/10.1038/s41366-019-0371-7,no,,English,unknown,Secular-trend study from IDF pre-induction registry; abstract verified (PMID 31040397); existing list has only Tsur 2019 for IDF,southasia_mideast
Israel,Israeli adolescents medically evaluated before mandatory military service,male and female (41.6% female),2785515,1977-2020,"weight, height, BMI, blood pressure trends in 5-year intervals",The opposing trends of body mass index and blood pressure during 1977-2020; nationwide registry of 2.8 million male and female adolescents,Fishman B; Zloof Y; Orr O; Tsur AM; Furer A; Omer Gilon M; Chodick G; Leiba A; Derazne E; Tzur D; Afek A; Grossman E; Twig G,2021,Cardiovascular Diabetology,https://doi.org/10.1186/s12933-021-01433-0,yes,https://pmc.ncbi.nlm.nih.gov/articles/PMC8715587/,English,unknown,"Secular BMI trend (+2.1 male, +1.6 female kg/m2); abstract verified",southasia_mideast
Israel,IDF soldiers undergoing heat tolerance test (retrospective),"96% male, 4% female",517,unknown,"body surface area to mass ratio, anthropometry vs thermal response",The Significance of Body Surface Area to Mass Ratio for Thermal Responses to a Standardized Exercise-Heat Stress Test,Akavian I; Epstein Y; Rabotin A; Peretz S; Charkoudian N; Ketko I,2025,Medicine & Science in Sports & Exercise,https://doi.org/10.1249/MSS.0000000000003545,no,,English,unknown,Physiology focus; BSA/mass values reported (men 248 vs 262 cm2/kg); marginal,southasia_mideast
Kazakhstan,"Cadets (military lyceum / military educational institutions), age 16-17, southern vs northern regions",unknown,unknown,unknown,"basic anthropometric dimensions, cluster-analysis size typology for uniform design; compared with school students",Anthropometric typology of cadets from the southern and northern regions of the Republic of Kazakhstan in comparison with general education school students,Arystanova GB; Sarttarova LT; Aiiypkanova NA,2025,The Journal of Almaty Technological University,https://doi.org/10.48184/2304-568x-2025-4-182-194,yes,https://www.vestnik-atu.kz/jour/article/view/2765,Kazakh (title/abstract also in English),unknown,"Page fetched (CC BY 4.0, PDF full text); n and tables not confirmed; clothing-sizing aim",southasia_mideast
Uzbekistan (inferred; unverified),Military personnel of a Military Academy (Tashkent institute affiliation),unknown,unknown,unknown,"foot dimensional features, foot length growth with age, sizing",Anthropometric studies of military personnel of the Military Academy (Zenodo title 'Anthropometric Studies Stop Military Personnel of the Military Academy'),Berdibekova N; Rashidova M; Pazilova DZ,2023,Zenodo (no journal listed),https://doi.org/10.5281/zenodo.7999912,yes,https://zenodo.org/records/7999912,English and Russian,unknown,Sibling of existing Bobojonova 2022 Zenodo record; country inferred from affiliation; abstract-level only,southasia_mideast
Lebanon,Lebanese military athletes (intervention vs control),unknown,198,unknown,"body fat % (21.3 +/- 6.0 baseline), waist circumference, nutrition and performance","The effects of a nutrition education program on nutritional knowledge, eating habits and performance of military athletes from Lebanon",Sannan N; Younes H; El Helou N,2026,Journal of the International Society of Sports Nutrition,https://doi.org/10.1080/15502783.2026.2691213,unknown,,English,unknown,Intervention study; anthropometry secondary; abstract verified (PMID 42396612); marginal,southasia_mideast
United Kingdom,UK Armed Forces (Tri-Service) personnel; pilot studies for national anthropometry survey,both,unknown,unknown,3D whole-body scanning + traditional anthropometry (survey design/pilot validation),"Women are not small men: the UK's new, comprehensive Tri-Service Anthropometry survey",unknown,2024 (online; Vol 68 No 5 2025),Ergonomics,https://doi.org/10.1080/00140139.2024.2378365,unknown,unknown,English,unknown,Seen in search results only (tandfonline + PubMed 39082614); fetch blocked (cookies/paywall). Methods/pilot paper - stats table unconfirmed,westeurope
France,French military personnel (ABCD database) - 1230 subjects,both (459 F; 771 M),1230,unknown,122 anthropometric measurements; kinematic models,Generic kinematical models of the French soldier from a clustered anthropometric database,unknown,2020,Computer Methods in Biomechanics and Biomedical Engineering,https://doi.org/10.1080/10255842.2020.1815323,unknown,unknown,English,unknown,Seen in search results only (fetch 403). n=1230 from search snippet (HAL hal-02495297 related). Also see related HAL thesis tel-03118904 (already in existing list),westeurope
France,French Armed Forces personnel (survey),both,1589,2016-2017,BMI; waist circumference; overweight/obesity prevalence,Overweight and Obesity in the French Army,Quertier D; Goudard Y; Goin G; Regis-Marigny L; Sockeel P; Dutour A; Pauleau G; De La Villeon B,2022,Military Medicine,https://doi.org/10.1093/milmed/usaa369,unknown,unknown,English,unknown,Verified by fetch (OUP abstract). Waist mean+/-SD reported in abstract: women 78.2+/-9.1 cm; men 89.1+/-10.5 cm,westeurope
Germany,Bundeswehr soldiers paired BMI entry/exit,both (94.7% M),85076 paired datasets,2010-2022,BMI; overweight and obesity prevalence by service duration,BMI Alterations and Prevalence of Overweight and Obesity Related to Service Duration at the German Armed Forces,Scheit L; End B; Schroder J; Hoffmann MA; Reer R,2023,Healthcare (Basel),https://doi.org/10.3390/healthcare11020225,yes,https://pmc.ncbi.nlm.nih.gov/articles/PMC9859257/,English,yes,Verified by fetch (PMC); median BMI change tables,westeurope
Germany,Bundeswehr soldiers (long-term sports medical care; one unit),male,115,2008-2018,body weight; height; BMI; waist circumference; waist-to-height ratio; trunk strength,Long-term sports medical care of soldiers: Relevance of trunk strength and performance,Schulze C; Fehrmann S; Bunzen C; Geissler D,2025,Orthopadie (Heidelberg),https://doi.org/10.1007/s00132-025-04677-w,yes,https://pmc.ncbi.nlm.nih.gov/articles/PMC12316752/,English (German journal),unknown,Verified by fetch (PMC). Anthropometry secondary to strength; BMI/weight change <1,westeurope
Germany,Bundeswehr 3D serial measurement project (Navy; Air Force; Army; SKB; Medical Service),both,~2500 (planned),2022-2024,3D body scans in 4 postures; body measurements and shapes; sociodemographics,3D-Reihenmessung bei der Bundeswehr,Redaktion Textile Technology (Melliand Textilberichte),2022,Melliand Textilberichte (trade article),https://www.textiletechnology.net/melliand-textilberichte/3d-reihenmessung-bei-der-bundeswehr-203548,unknown,unknown,German,no,Verified by fetch. News/project description (contractor Avalution GmbH); no results tables - pointer to dataset only,westeurope
Belgium,Belgian soldiers (Special Forces candidates; Chasseurs Ardennais infantry; recruits),male,85,unknown (3-4 day study),body mass pre/post; fat mass by BIA; dietary intake; hydration,Dietary Intake; Hydration Status; and Body Composition of Three Belgian Military Groups,De Bry W; Mullie P; D'Hondt E; Clarys P,2020,Military Medicine,https://doi.org/10.1093/milmed/usaa061,unknown,unknown,English,unknown,Verified by fetch (OUP abstract). Anthropometry is body mass/fat mass only; stats table presence unconfirmed,westeurope
Spain,Spanish Air Force female aircrew (airplane pilots n=38; helicopter pilots n=26; aircrew n=120),female,184,unknown,body mass; height; BMI; body water; fat mass; %BF; fat-free mass; skeletal muscle mass (InBody720 BIA),Body Composition of Female Air Force Personnel: A Comparative Study of Aircrew; Airplane; and Helicopter Pilots,Bustamante-Sanchez A; Nikolaidis PT; Clemente-Suarez VJ,2022,International Journal of Environmental Research and Public Health,https://doi.org/10.3390/ijerph19148640,yes,https://pmc.ncbi.nlm.nih.gov/articles/PMC9320040/,English,yes,Verified by fetch (PMC),westeurope
Spain,Spanish Naval Military Academy students (Marin),both (265 M; 24 F),289,2019,body mass; height; BMI; fitness tests; percentiles by sex and academic year,Physical and Morphological Component Normative Data Among Spanish Navy Students,Vila H; de Oliveira I; Burgos-Martos J; Cancela-Carral J,2022,Journal of Military and Veterans' Health,https://doi-ds.org/doilink/09.2022-92374465/JMVH Vol 30 No 3,yes,https://jmvh.org/article/https-doi-ds-org-doilink-09-2022-92374465-jmvh-vol-30-no-3/,English,yes,Verified by fetch; mean/SD + percentile tables by sex and year,westeurope
Spain,Spanish Navy students Marin (lower-body strength tests; 905 students 2019/20-2020/21 per search snippet),both (813 M; 92 F per snippet),905,2019-2021,body composition by BIA (FFM; FM; SMI) per snippet,Do the Lower Body Strength Assessment Tests in the Spanish Navy Really Measure What They Purport to Measure?,unknown,2022/2023,International Journal of Environmental Research and Public Health,https://doi.org/10.3390/ijerph20010049,yes (MDPI),https://pmc.ncbi.nlm.nih.gov/articles/PMC9819490/,English,unknown,Seen in search results only; not fetched. n and measures from search snippet; anthropometry secondary,westeurope
Greece,Greek Army Officer Cadets after 7-week basic combat training,both (50 M; 18 F),68,unknown,body mass; height; BMI; %BF (BIA); fitness tests,Delineation and Classification of Physical Conditioning in Greek Army Officer Cadets,Havenetidis K; Paxinos T,2021,Journal of Military and Veterans' Health,https://doi-ds.org/doilink/11.2021-71918477/JMVH Vol 21 No 2,yes,https://jmvh.org/article/delineation-and-classification-of-physcial-conditioning-in-greek-army-officer-cadets/,English,unknown,Verified by fetch. Summary reports percentiles; mean/SD table presence unconfirmed,westeurope
Norway,Norwegian conscript selection (session) 17-21 y,both (102702 M; 51957 F),154659,2011-2019,height; weight; BMI; VO2peak; muscle strength tests,Reference data on anthropometrics; aerobic fitness and muscle strength in young Norwegian men and women,Aandstad A (author list per fetch; verify),2021,European Journal of Applied Physiology,https://doi.org/10.1007/s00421-021-04784-4,yes,https://pmc.ncbi.nlm.nih.gov/articles/PMC8505311/,English,yes,Verified by fetch (PMC). Table 1 means/SD; percentiles. Mean BMI men 23.1 (3.4) women 22.9 (3.3),westeurope
Norway,Norwegian conscripts (male) 19th-21st century spatial height trends,male,unknown,1878-2010,body height (conscript height by region),The end of the secular trend in Norway: spatial trends in body height of Norwegian conscripts in the 19th; 20th and 21st century,unknown,2020,unknown (PubMed 32588018),https://pubmed.ncbi.nlm.nih.gov/32588018/,unknown,unknown,English,unknown,Seen in search results only; fetch blocked (cookies). Probably Economics and Human Biology - unconfirmed,westeurope
Sweden,Swedish Home Guard soldiers,both (857 M; 62 F),920,2024-2025,height; body mass; BMI; waist circumference; handgrip; VO2peak,Anthropometrics and Physical Performance in Swedish Home Guard Soldiers,Bjorkman F; Helge T; Engstrom J; Mattsson E; Ekblom O,2026,Military Medicine,https://doi.org/10.1093/milmed/usag149,unknown,unknown,English,unknown,Verified by fetch (OUP advance article). >2/3 overweight; 19% obese,westeurope
Sweden,Swedish conscripts (one regiment; 4 service years),both,218 enrolled; 168 completed,2016-2020,height; body mass; BMI; BIA (SMM; FFM; BF%); VO2peak; strength,Effect of regulated military training on physical performance and body composition of Swedish soldiers,Larsson J; Olsson MC; Bremander A; Dencker M,2026,Frontiers in Environmental Health,https://doi.org/10.3389/fenvh.2026.1793607,yes,https://www.frontiersin.org/journals/environmental-health/articles/10.3389/fenvh.2026.1793607/pdf,English,unknown,"Verified by fetch (abstract page). Baseline mean age 20, height 182+/-7 cm, BMI 23.2+/-3.1",westeurope
Finland,Finnish Defence Forces military divers (15-year follow-up),unknown,not disclosed,2007-2021,BIA: skeletal muscle mass; body fat %; BMI; circumferences; visceral fat area; WHR,A 15-Year Longitudinal Study of Body Composition in Finnish Military Divers,Lundell RV; Saarelainen R; Parkkola KI; Wuorimaa TK,2024,Military Medicine,https://doi.org/10.1093/milmed/usad401,unknown,unknown,English,unknown,Verified by fetch (OUP abstract),westeurope
Finland,Finnish conscripts (234690 M) and female recruits (3549 F) during service,both,238239 (234690 M + 3549 F per search snippet),unknown,anthropometrics (height/weight) change; fitness tests,Changes in physical fitness and anthropometrics differ between female and male recruits during the Finnish military service,unknown,2020/2021,unknown,https://www.researchgate.net/publication/345489628_Changes_in_physical_fitness_and_anthropometrics_differ_between_female_and_male_recruits_during_the_Finnish_military_service,unknown,unknown,English,unknown,Seen in search results only; fetch 403. Related PubMed 32067916 (Effects of baseline fitness and BMI levels on changes in physical fitness during military service) also unverified,westeurope
United Kingdom,British Army personnel (obesity-related health risk and fitness),unknown,unknown,unknown,BMI; abdominal circumference; fitness test results,The association between obesity related health risk and fitness test results in the British Army personnel,Sanderson et al. (per search snippet),2018,Journal of Science and Medicine in Sport,https://www.sciencedirect.com/science/article/pii/S144024401830495X,unknown,unknown,English,unknown,Seen in search results only; fetch 403,westeurope
Austria,Austrian conscription candidates (Stellungspflichtige) 2007-2016,male,unknown,2007-2016,body mass; BMI; waist circumference; regional/urban trends,Secular Trends in BMI and Waist Circumference and the Prevalence of Overweight and Obesity in Austrian Candidates for Conscription from 2007 To 2016,unknown,2019,unknown,https://www.researchgate.net/publication/334677298_Secular_Trends_in_BMI_and_Waist_Circumference_and_the_Prevalence_of_Overweight_and_Obesity_in_Austrian_Candidates_for_Conscription_from_2007_To_2016,unknown,unknown,English,unknown,Seen in search results only; fetch 403. Not duplicate of existing at-statistik-austria entry (that is a Statistik Austria web table),westeurope
Switzerland,Swiss conscripts born early 20th century (historical),male,unknown,first half of 20th century,height; chest circumference; upper arm circumference; estimated body weight/BMI,"Filling the weight gap: Estimating body weight and BMI using height, chest and upper arm circumference of Swiss conscripts in the first half of the 20th century",unknown,2019/2020,Economics and Human Biology,https://www.sciencedirect.com/science/article/abs/pii/S1570677X19303429,unknown,unknown,English,unknown,Seen in search results only; not fetched. Historical data but publication in range,westeurope
