row,id,region,entry,measured,published,sample,dimensions,data_access,report_access,licence,verification,citations,report_urls,data_urls,local_data,notes
1,ansur-1988,United States,ANSUR 1988 (US Army),1987-88,1989,"1,774 men, 2,208 women (ODL CSVs)",ODL CSVs carry 131 variables plus subject number; report describes 140+ measures,public,free,Public-domain US Government work,verified,"Gordon CC, Churchill T, Clauser CE, Bradtmiller B, McConville JT, Tebbetts I, Walker RA (1989). 1988 Anthropometric Survey of U.S. Army Personnel: Methods and Summary Statistics. NATICK/TR-89/044. DTIC ADA225094. | Interim summary statistics: NATICK/TR-89/027.",https://apps.dtic.mil/sti/tr/pdf/ADA225094.pdf | https://tools.openlab.psu.edu/publicData/ANSUR-TR89-044.pdf | https://tools.openlab.psu.edu/publicData/ANSUR-TR89-027.pdf | http://mreed.umtri.umich.edu/mreed/downloads/anthro/ansur/ANSUR_88_Codes.pdf,https://tools.openlab.psu.edu/publicData/ansurMen.csv | https://tools.openlab.psu.edu/publicData/ansurWomen.csv | https://www.openlab.psu.edu/ansur/,data/ansur-1988/ansurMen.csv | data/ansur-1988/ansurWomen.csv,Units mm; mass in hectograms. ODL files must be fetched over https: the http:// URLs now return the ODL web-app HTML page instead of the file (checked 2026-09-28).
2,ansur-ii-2012,United States,ANSUR II 2012 (US Army),Oct 2010 - Apr 2012,2014 (DTIC) / 2015 (ODL citation),"4,082 men, 1,986 women",93 directly measured + 39 derived (public CSVs carry the 93 measured plus 14 demographic columns),public,free,Public-domain US Government work; released 2017,verified,"Gordon CC, Blackwell CL, Bradtmiller B, Parham JL, Barrientos P, Paquette SP, Corner BD, Carson JM, Venezia JC, Rockwell BM, Mucher M, Kristensen S (2014/2015). 2012 Anthropometric Survey of U.S. Army Personnel: Methods and Summary Statistics. NATICK/TR-15/007. DTIC ADA611869. | Hotzman J, Gordon CC, Bradtmiller B, Corner BD, Mucher M, Kristensen S, Paquette S, Blackwell CL (2011). Measurer's Handbook: US Army and Marine Corps Anthropometric Surveys, 2010-2011. NATICK/TR-11/017. DTIC ADA548497. | Paquette S, Parham JL. ANSUR II explanatory Memorandum for Record.",https://apps.dtic.mil/sti/tr/pdf/ADA611869.pdf | https://tools.openlab.psu.edu/publicData/ANSURII-TR15-007.pdf | https://tools.openlab.psu.edu/publicData/ANSURII-TR11-017.pdf | https://apps.dtic.mil/sti/tr/pdf/ADA548497.pdf | https://tools.openlab.psu.edu/publicData/ANSURII-MFR.pdf,https://tools.openlab.psu.edu/publicData/ANSUR_II_MALE_Public.csv | https://tools.openlab.psu.edu/publicData/ANSUR_II_FEMALE_Public.csv | https://www.openlab.psu.edu/ansur2/,data/ansur-ii-2012/ANSUR_II_MALE_Public.csv | data/ansur-ii-2012/ANSUR_II_FEMALE_Public.csv,"3D scans withheld for privacy. Mass column 'weightkg' is in hectograms. Last columns Heightin and Weightlbs are probably self-reported (one male record has Weightlbs = 0). The male CSV is Latin-1 encoded, not UTF-8."
3,us-army-men-1966,United States,US Army men 1966,1966,Dec 1971,,,not public,free,Public-domain US Government work,verified,"White RM, Churchill E (Dec 1971). The Body Size of Soldiers: U.S. Army Anthropometry - 1966. Technical Report 72-51-CE (C&PLSEL-94), US Army Natick Laboratories. DTIC AD0743465.",https://apps.dtic.mil/sti/tr/pdf/AD0743465.pdf,,,
4,us-army-women-1977,United States,US Army women 1977,"Nov 1976 - Feb 1977, 4 posts",1977,"1,331 women (69 basic dimensions); 200-300 women for extra head, workspace and strength measures",128 body dimensions in total,not public,free,Public-domain US Government work,verified,"Report 1 (methods): Laubach LL, McConville JT, Churchill E, White RM (Jun 1977). NATICK/TR-77/021. DTIC ADA043715. | Report 2 (univariate statistics): Churchill E, Churchill T, McConville JT, White RM (1977). NATICK/TR-77/024. DTIC ADA044806. | Report 3 (bivariate tables): NATICK/TR-77/028. DTIC AD A046692 (citation only). | Report 5 (comparative data for Army men). DTIC ADA048591. | Summary: White RM, DeSantis. DTIC ADA056493.",https://apps.dtic.mil/sti/pdfs/ADA043715.pdf | https://apps.dtic.mil/sti/tr/pdf/ADA044806.pdf | https://apps.dtic.mil/sti/tr/pdf/ADA048591.pdf | https://apps.dtic.mil/sti/tr/pdf/ADA056493.pdf,,,
5,mc-ansur-2010,United States,MC-ANSUR 2010 (US Marine Corps),2010 (to 23 Sep 2010),Jun 2013,"1,301 men, 620 women",94 measured + 39 derived,not public,free,Public-domain US Government work,verified,"Gordon CC, Blackwell CL, Bradtmiller B, Parham JL, Hotzman J, Paquette SP, Corner BD, Hodge BM (Jun 2013). 2010 Anthropometric Survey of U.S. Marine Corps Personnel: Methods and Summary Statistics. NATICK/TR-13/018. DTIC ADA581918.",https://apps.dtic.mil/sti/tr/pdf/ADA581918.pdf,,,
6,usmc-1966,United States,USMC 1966,1966,1977,"2,008 men",,not public,free,Public-domain US Government work,partly verified,White RM (Dec 1977). United States Marine Corps Anthropometry. Natick report CEMEL-115. DTIC ADA073824.,https://apps.dtic.mil/sti/tr/pdf/ADA073824.pdf,,,Details come from a research subagent's search snippets; the PDF was not opened. Re-open before publishing.
7,us-navy-1966,United States,US Navy 1966,,,,,not public,not found,,not verified,No stand-alone report found. Summary statistics appear in NASA RP-1024 Vol. II and DOD-HDBK-743A (see entry dod-hdbk-743a-nasa-rp-1024).,,,,
8,naval-aviators-1964,United States,Naval Aviators 1964,1964,1965 (not 1964),"1,549 men",,not public,free,Public-domain US Government work,verified,"Gifford EC, Provost JR, Lazo J (8 Oct 1965). Anthropometry of Naval Aviators - 1964. NAEC-ACEL-533, Naval Air Engineering Center, Philadelphia. DTIC AD0626322.",https://apps.dtic.mil/sti/tr/pdf/AD0626322.pdf,,,
9,us-navy-women-1988,United States,US Navy women 1988 (uniform sizing),,,,,not public,look up on DTIC,,not verified,"Best-matching citation: Robinette KM, Mellian SA, Ervin KA (1991). Development of Sizing Systems for Navy Women's Uniforms. DTIC ADA232851. | Predecessor study: McConville JT, Tebbetts I, Churchill T (Mar 1979). Analysis of Body Size Measurements for U.S. Navy Women's Clothing and Pattern Design. NCTRF 138.",https://apps.dtic.mil/sti/citations/ADA232851,,,
10,usaf-1950,United States,USAF flying personnel 1950,1950,1954 (not 1950),"More than 4,000 men",132,not public,free,Public-domain US Government work,verified,"Hertzberg HTE, Daniels GS, Churchill E (Sep 1954). Anthropometry of Flying Personnel - 1950. WADC TR 52-321. DTIC AD0047953.",https://apps.dtic.mil/sti/tr/pdf/AD0047953.pdf,,,
11,usaf-1967,United States,USAF 1967 survey,"Jan-Mar 1967, 17 bases, directed by AMRL",Data compiled 1975 (AGARD-AG-205),"2,420 men aged 21-50","202 variables (186 body dimensions, age, grip strength, 13 background variables)",public,free,Measurements are a US Government work; the CRAN package is GPL (>= 2),verified,"No stand-alone report found. Data tabulated in Grunhöfer HJ, Kroh G (eds) (Apr 1975). A Review of Anthropometric Data of German Air Force and United States Air Force Flying Personnel 1967-1968. AGARD-AG-205. DTIC ADA010674. | Survey history: AAMRL-TR-85-062. DTIC ADA168485. | Vinué G (2017). Anthropometry: An R Package for Analysis of Anthropometric Data. Journal of Statistical Software 77(6). doi:10.18637/jss.v077.i06 (open access).",https://apps.dtic.mil/sti/tr/pdf/ADA010674.pdf | https://apps.dtic.mil/sti/pdfs/ADA168485.pdf | https://doi.org/10.18637/jss.v077.i06 | https://cran.r-project.org/web/packages/Anthropometry/Anthropometry.pdf,https://www.uv.es/vivigui/softw/data_information.zip | https://cran.r-project.org/package=Anthropometry,data/usaf-1967/USAF1967.csv | data/usaf-1967/AFFLY67.dat,"Grunhöfer & Kroh compiled the data; they did not run the survey. HSIAC documentation excludes 27 variables (6, 9-11, 28, 76-95, 117, 142) from analysis. The CSV here matches the CRAN USAFSurvey matrix cell-for-cell."
12,usaf-women-1968,United States,Air Force women 1968,1968,1972,"1,905 women (548 officers, 1,357 enlisted)",137,not public,free,Public-domain US Government work,verified,"Clauser CE, Tucker PE, McConville JT, Churchill E, Laubach LL, Reardon JA (Apr 1972). Anthropometry of Air Force Women. AMRL-TR-70-5. DTIC AD0743113.",https://apps.dtic.mil/sti/tr/pdf/AD0743113.pdf,,,"1,157 pages."
13,caesar,United States,CAESAR (Civilian American and European Surface Anthropometry Resource),"Apr 1998 - Sep 2001 (North America, Netherlands, Italy)",2002,"One count: 2,332 women, 2,094 men",,commercial,free,Data sold by SAE International,partly verified,"Robinette KM, Blackwell S, Daanen H, Boehmer M, Fleming S, Brill T, Hoeferlin D, Burnsides D (Jun 2002). Civilian American and European Surface Anthropometry Resource (CAESAR), Final Report, Vol. I: Summary. AFRL-HE-WP-TR-2002-0169. DTIC ADA406704. | Companion report (weighted US summary statistics): AFRL-HE-WP-TR-2002-0170. DTIC ADA406674. | Vol. II (descriptions): cited elsewhere as AFRL-HE-WP-TR-2002-0173, DTIC a408374.",https://apps.dtic.mil/sti/tr/pdf/ADA406704.pdf | https://apps.dtic.mil/sti/tr/pdf/ADA406674.pdf,,,"Per SAE's CAESAR Executive Summary: US collection began Apr 1998, Dutch collection ended 1 Sep 2000, Italian collection Feb-Sep 2001. Report numbering conflicts between sources (-0170 vs -0173 for Vol. II); check the cover pages."
14,dod-hdbk-743a-nasa-rp-1024,United States,DOD-HDBK-743A; NASA RP-1024 (compilations),,,,"RP-1024 Vol. II: 61 military and civilian populations, 295 variables",n/a,free,Public domain,verified,"DOD-HDBK-743A (13 Feb 1991). Anthropometry of U.S. Military Personnel (Metric). | Webb Associates (Jul 1978). Anthropometric Source Book. NASA RP-1024, Vols. I-III.",http://mreed.umtri.umich.edu/mreed/documents/DOD-HDBK-743A_anthro_handbook.pdf | http://everyspec.com/DoD/DoD-HDBK/DOD-HDBK-743A_16856/ | https://archive.org/details/NASA_NTRS_Archive_19790003563 | https://archive.org/details/nasa_techdoc_19790005540 | https://apps.dtic.mil/sti/tr/pdf/ADA473152.pdf | https://ntrs.nasa.gov/api/citations/19790005541/downloads/19790005541.pdf,,,Summary statistics only.
15,uk-qinetiq-2006-07,United Kingdom,UK military 2006-07 (QinetiQ),2006-07,,,,not public,restricted,MOD-restricted,not verified,QinetiQ report QINETIQ/07/01821 (no public copy found). The UK Army component is cited in the AWAS paper (entry awas).,,,,
16,uk-tri-service,United Kingdom,UK Tri-Service Anthropometry Survey,Planned early 2023 - end 2023,,"Planned: over 2,750 personnel (final 1,886 figure unconfirmed)",Planned: over 180 measurements (final 194 figure unconfirmed),not public,possibly paywalled,,partly verified,"Evans L, Pringle R, Lewis E (2025). Women are not small men: the UK's new, comprehensive Tri-Service Anthropometry survey. Ergonomics 68(5):673-682. doi:10.1080/00140139.2024.2378365 (online 31 Jul 2024). PubMed 39082614. | QinetiQ news release, 'Equipment ""fit"" for the future', 22 Feb 2023.",https://www.tandfonline.com/doi/full/10.1080/00140139.2024.2378365 | https://pubmed.ncbi.nlm.nih.gov/39082614/,,,"The Ergonomics paper covers requirements and pilot studies, not survey results. DOSG contracted QinetiQ; the release says the last tri-service collection was in 2007."
17,british-army-1972-76,United Kingdom,British Army 1972-76 (Army Personnel Research Establishment),,,,,not public,not found,,not verified,No public report found.,,,,
18,raf-aircrew-1970-72,United Kingdom,RAF aircrew 1970-72,,,,,not public,not found,,not verified,Likely: Bolton CB et al. (1973). An Anthropometric Survey of 2000 Royal Air Force Aircrew 1970/71. Royal Aircraft Establishment (report number not verified).,,,,
19,canadian-forces-1974,Canada / Australia / New Zealand,Canadian Forces 1974,,,,,not public,not found,,not verified,No report found. DCIEM 75-R-1114 not confirmed.,,,,
20,canadian-aircrew-1985,Canada / Australia / New Zealand,Canadian Forces aircrew 1985,,,,,not public,not found,,partly verified,"Stewart LE (1985). 1985 Anthropometric Survey of the Canadian Forces Aircrew. DCIEM TR 85-12-01, Toronto.",,,,Author is L.E. Stewart. No PDF found.
21,cfas-2012,Canada / Australia / New Zealand,CFAS 2012 (Canadian Forces Anthropometric Survey),"Feb-Dec 2012, 14 bases",,"2,205 subjects, 14.3% women","47 traditional measurements, 38 landmarks, 6 scan postures",not public,free,,partly verified,"DRDC report p803174 (authors and number not confirmed; the site blocks automated access). | Shu C, et al. (2015). Data Processing and Analysis for the 2012 Canadian Forces 3D Anthropometric Survey. Procedia Manufacturing 3:3745-3752 (open access). | Mangan B, Szyszlo K, Angel H (2018). CFAS - Lessons Learned. D68-3/056-2018E-PDF.",https://cradpdf.drdc-rddc.gc.ca/PDFS/unc328/p803174_A1b.pdf | https://www.sciencedirect.com/science/article/pii/S2351978915008148 | https://nrc-publications.canada.ca/eng/view/accepted/?id=828ecbbf-d18d-48ae-970e-9f8ffa9c453b | https://publications.gc.ca/site/eng/9.881239/publication.html,,,DRDC report details come from search snippets; re-open before publishing.
22,awas,Canada / Australia / New Zealand,"AWAS (Australian Warfighter Anthropometry Survey, Australian Army)",2010-2012,,"2,138 personnel (not confirmed)",84 (confirmed),not public,free,,partly verified,"Edwards M, Furnell A, Coleman J, Davis S (Aug 2014). A Preliminary Anthropometry Standard for Australian Army Equipment Evaluation. DSTO-TR-3006, AR-016-049. DTIC ADA610792. | Furnell A et al. (2014). Sizing up the ADF: The Australian Warfighter Anthropometry Survey (conference paper, on ResearchGate).",https://www.dst.defence.gov.au/sites/default/files/publications/documents/DSTO-TR-3006.pdf | https://apps.dtic.mil/sti/tr/pdf/ADA610792.pdf,,,Run by DSTO Land Division with ADTEO and the University of South Australia School of Health Sciences.
23,adf-aircrew-2004-05,Canada / Australia / New Zealand,Australian Defence Force aircrew 2004-05,,,,,not public,not found,,not verified,"No report found for MIS 872. | Related: Singh B, Smith A (2008). Anthropometric survey of potential aircrew recruit population... (cited in DST-Group-GD-0968).",,,,
24,historic-australian,Canada / Australia / New Zealand,Historic Australian surveys,,,,,n/a,free,,partly verified,Australian Defence Force Anthropometry. DST-Group-GD-0968 (authors not verified). Cites the 1958-59 Army surveys (Aird et al.; Carrington) and the 1981 King & O'Leary survey.,https://www.dst.defence.gov.au/sites/default/files/publications/documents/DST-Group-GD-0968.pdf,,,
25,nzdfas,Canada / Australia / New Zealand,NZDFAS (New Zealand Defence Force Anthropometry Survey),,10 May 2021,,,not public,free,CC BY-NC 4.0,verified,"Kolose S, Hume PA, Stewart T, Tomkinson GR, Stewart AD, Legg SJ (2021). Three-Dimensional Physique Assessment in the Military: New Zealand Defence Force Anthropometry Survey Protocols and Summary Statistics. Tuwhera Open Access Books, AUT. doi:10.24135/TOAB.7. ISBN 978-0-473-57328-7.",https://ojs.aut.ac.nz/tuwhera-open-monographs/1/catalog/download/7/12/56 | https://ojs.aut.ac.nz/tuwhera-open-monographs/1/catalog/book/7,,,
26,asran-2015,Canada / Australia / New Zealand,ASRAN (Anthropometric Survey of the Royal Australian Navy),"Jan-Mar 2015, by the University of South Australia",,"1,322 (1,090 men, 232 women), aged 18-54","87 (43 physical, 44 extracted from 3D scans)",public,free,CC BY 3.0 AU,verified,"Revised Anthropometry Guidance for the Royal Australian Navy. DST-Group-TR-3564. | Parkinson MB, Reed MP (rev. 12 Nov 2020). Multivariate Accommodation Testing Tool - Virtual Fit Testing (ASRAN).",https://www.dst.defence.gov.au/sites/default/files/publications/documents/DST-Group-TR-3564_0.pdf,https://data.gov.au/data/dataset/3e124b9c-4daa-4797-a265-ddbc5f36313c/resource/93d5416d-00fd-4432-81de-379033e38647/download/asran-2015-anthropometry-data_public-release.xlsx | https://data.gov.au/data/dataset/3e124b9c-4daa-4797-a265-ddbc5f36313c/resource/4aff17a2-c584-4ac1-ba16-68fa20714b66/download/multivariate-virtual-fit-test-asran_nov2020.xlsx | https://data.gov.au/data/dataset/3e124b9c-4daa-4797-a265-ddbc5f36313c,data/asran-2015/asran-2015-anthropometry-data_public-release.xlsx | data/asran-2015/multivariate-virtual-fit-test-asran_nov2020.xlsx | data/asran-2015/ASRAN_2015_male.csv | data/asran-2015/ASRAN_2015_female.csv,Direct XLSX URLs resolved via the data.gov.au CKAN API on 2026-09-28. 3D scan data not released.
27,nato-1960-61,Europe / Other,"NATO 1960-61 (Turkey, Greece, Italy)",1960-61,1963,,,not public,not found,,partly verified,"Hertzberg HTE, Churchill E, Dupertuis CW, White RM, Damon A (1963). Anthropometric Survey of Turkey, Greece and Italy. AGARDograph 73. Pergamon/Macmillan. DTIC AD 421428.",,,,"One 1965 bibliography dates it 1956, which conflicts; 1963 is the standard date."
28,german-air-force-1967-68,Europe / Other,German Air Force 1967-68,1967-68,1975,"More than 1,400 German Air Force subjects",153,not public,free,,verified,"Grunhöfer HJ, Kroh G (eds) (Apr 1975). AGARD-AG-205. DTIC ADA010674.",https://apps.dtic.mil/sti/tr/pdf/ADA010674.pdf,,,
29,french-aircrew-1972,Europe / Other,French aircrew 1972,,,,,not public,not found,,not verified,No public report found. Listed only as a dataset on bodysizeshape.com.,,,,
30,french-military-1992,Europe / Other,French military database and 1992 survey,,,,,not public,not found,,not verified,No public report found.,,,,
31,dutch-3d-scan,Europe / Other,Dutch military 3D scan paper,,,,,not public,not found,,not verified,No public report found.,,,,
32,bundeswehr,Europe / Other,Bundeswehr (German armed forces),,,,,not public,not found,,not verified,No public report found.,,,,
33,russian-gost-ost,Europe / Other,Russian GOST/OST standards,,,,,not public,not found,,not verified,No public report found.,,,,
34,iran-1969-71,Europe / Other,Iran 1969-71 (Imperial Iranian Armed Forces),1969-71,,,,not public,free,,partly verified,"Kennedy SJ, White RM (May 1971). Anthropometric Survey of the Imperial Iranian Armed Forces, Phase III - Technical Summary. DTIC AD0728822.",https://apps.dtic.mil/sti/pdfs/AD0728822.pdf,,,Main report (possibly by Noble) not found. The 2010 stature study not found. Details from search snippets; re-open before publishing.
35,israeli-aircrew-1981,Europe / Other,Israeli aircrew 1981,,,,,not public,not found,,not verified,No public report found. Listed only as a dataset on bodysizeshape.com.,,,,
36,turkish-army,Europe / Other,Turkish army men,,,,,not public,likely paywalled,,not verified,"Kayış B, Özok AF (1991). Applied Ergonomics (volume, pages and DOI not verified).",,,,
37,latin-american-armed-forces,Europe / Other,Latin American armed forces,1965-70,Aug 1972,"1,985 trainees",,not public,free,,partly verified,"Dobbins DA, Kindick CM (Aug 1972). Anthropometry of the Latin-American Armed Forces. USATTC Report No. 7209002. DTIC AD0759949. | Earlier report (733 trainees, 1965-66). DTIC AD0654762.",https://apps.dtic.mil/sti/pdfs/AD0759949.pdf | https://apps.dtic.mil/sti/tr/pdf/AD0654762.pdf,,,"Report number is 7209002, not 729002. Details from search snippets; re-open before publishing."
38,korea,Asia-Pacific / Middle East / Latin America,Korea (Armed Forces of the Republic of Korea),,,"190 Air Force, 141 Navy, 167 Marine subjects plus Army",,not public,free,,partly verified,Anthropometric Survey of the Armed Forces of the Republic of Korea (authors not verified). DTIC AD0661625.,https://apps.dtic.mil/sti/tr/pdf/AD0661625.pdf,,,"Korean Air Force 1960, the 2026 381-soldier study and the body-armour study were not found. Details from search snippets."
39,size-korea,Asia-Pacific / Middle East / Latin America,Size Korea,,,,,restricted,not found,,not verified,Official portal not verified in this pass.,,,,
40,vietnam-1963,Asia-Pacific / Middle East / Latin America,Vietnam 1963,1963,,,,not public,unconfirmed,,not verified,White RM (1964). Natick. Likely DTIC AD0457939 (title only partly confirmed).,https://apps.dtic.mil/sti/citations/AD0457939,,,
41,singapore,Asia-Pacific / Middle East / Latin America,Singapore,,,,,not public,not found,,not verified,No public report verified.,,,,
42,taiwan,Asia-Pacific / Middle East / Latin America,Taiwan,,,,,not public,not found,,not verified,No public report verified.,,,,
43,japan,Asia-Pacific / Middle East / Latin America,Japan,,,,,not public,not found,,not verified,No public report verified.,,,,
44,india,Asia-Pacific / Middle East / Latin America,India,,,,,not public,not found,,not verified,No public report verified.,,,,
45,indonesia,Asia-Pacific / Middle East / Latin America,Indonesia,,,,,not public,not found,,not verified,No public report verified.,,,,
46,malaysia,Asia-Pacific / Middle East / Latin America,Malaysia,,,,,not public,not found,,not verified,No public report verified.,,,,
47,oman,Asia-Pacific / Middle East / Latin America,Oman (Royal Air Force of Oman),2003-2012,,"2,296 Omani recruits; 86% (n = 1,968) met RAFO anthropometric fitness standards",,not public,open access journal,,partly verified,"Al Wardi YM, Al Sabei SH, Jeevarathinam S (2016). Eastern bodies in western cockpits: An anthropometric study in the Oman military aviation. Cogent Engineering 3(1):1269384. doi:10.1080/23311916.2016.1269384 (online 29 Dec 2016).",https://doi.org/10.1080/23311916.2016.1269384 | https://www.researchgate.net/publication/311520114,,,
48,saudi-arabia,Asia-Pacific / Middle East / Latin America,Saudi Arabia,,,,,not public,not found,,not verified,No public report verified.,,,,
49,brazilian-air-force-pilots,Asia-Pacific / Middle East / Latin America,Brazilian Air Force pilots,,,,"39 cockpit-related measurements (NATICK/TR-11/017 methods), all five Brazilian regions",not public,paywalled,,partly verified,"da Silva GV, Halpern M, Gordon CC (2017). Ergonomics 60(10). doi:10.1080/00140139.2017.1301575.",https://doi.org/10.1080/00140139.2017.1301575,,,
