column,measure_type
Random ID,
M01_Cervicale_Height_(mm),Physical Measure
M03_Acromion_Height_(mm),Physical Measure
M04_Suprasternale_Height_(mm),Physical Measure
M07_Iliocristale_Height_(mm),Physical Measure
M08_Crotch_Height_(mm),Physical Measure
"M09_Eye_Height,_Sitting_(mm)",Physical Measure
"M10_Acromion_Height,_Sitting_(mm)",Physical Measure
"M11_Elbow_Rest_Height,_Sitting_(mm)",Physical Measure
M12_Thigh_Clearance_(mm),Physical Measure
"M13_Knee_Height,_Sitting_(mm)",Physical Measure
M14_Popliteal_Height_(mm),Physical Measure
M15_Interpupillary_Breadth_(mm),Physical Measure
M16_Bizygomatic_Breadth_(mm),Physical Measure
M18_Bideltoid_Breadth_(mm),Physical Measure
M19_Chest_Breadth_(mm),Physical Measure
M20_Chest_Depth_(mm),Physical Measure
M21_Bicristale_Breadth_(mm),Physical Measure
M22_Forearm-Forearm_Breadth_(mm),Physical Measure
"M23_Abdominal_Extension_Depth,_Sitting_(mm)",Physical Measure
"M24_Hip_Breadth,_Sitting_(mm)",Physical Measure
M25_Buttock-Knee_Length_(mm),Physical Measure
M26_Buttock-Popliteal_Length_(mm),Physical Measure
"M27_Foot_Breadth,_Horizontal_(mm)",Physical Measure
M28_Head_Circumference_(mm),Physical Measure
"M29_Neck_Circumference,_Base_(mm)",Physical Measure
M30_Shoulder_Length_(mm),Physical Measure
"M31_Biceps_Circumference,_Flexed_(mm)",Physical Measure
"M32_Forearm_Circumference,_Flexed_(mm)",Physical Measure
M33_Chest_Circumference_(mm),Physical Measure
M34_Chest_Circumference_Below_Breast_(mm),Physical Measure
M35_Waist_Circumference_(Omphalion)_(mm),Physical Measure
M36_Buttock_Circumference_(mm),Physical Measure
M37_Thumbtip_Reach_(mm),Physical Measure
M38_Stature_(mm),Physical Measure
M39_Sitting_Height_(mm),Physical Measure
M40_Weight_(kg),Physical Measure
M41_Head_Breadth_(mm),Digital Measure
M42_Head_Length_(mm),Physical Measure
M43_Menton-Sellion_Length_(mm),Digital Measure
M44_Bitragion_Submandibular_Arc_(mm),Digital Measure
M45_Neck_Circumference_(mm),Digital Measure
M46_Nape-Bustpoint_Thelion_Length_(mm),Digital Measure
M47_Nape-Waist_over_Bust_(mm),Digital Measure
M48_Biacromial_Breadth_(mm),Digital Measure
M49_Scye_Depth_(mm),Digital Measure
M50_Back_Width_(mm),Digital Measure
M51_Back_Length_(mm),Digital Measure
M52_Nape-Waist_Centre_Back_(mm),Digital Measure
M53_Vertical_Trunk_Circumference_(Wide)_(mm),Digital Measure
M54_Crotch_Length_(Omphalion)_(mm),Digital Measure
M55_Waist_Circumference_Preferred_(mm),Digital Measure
M56_Maximum_Hip_Circumference_(mm),Digital Measure
M57_Waist-Hip_Distance_(mm),Digital Measure
M58_High_Hip_(mm),Digital Measure
M59_Hip_(mm),Digital Measure
M60_Acromion-Radiale_Length_(mm),Digital Measure
M61_Radiale-Stylion_Length_(mm),Digital Measure
M62_Sleeve_Outseam_(mm),Digital Measure
M63_Wrist_Circumference_(mm),Digital Measure
M64_Hand_Circumference_(mm),Digital Measure
M65_Hand_Breadth_(mm),Digital Measure
M66_Hand_Length_(mm),Digital Measure
M67_Thigh_Circumference_(mm),Digital Measure
M68_Knee_Circumference_(mm),Digital Measure
M69_Calf_Circumference_(mm),Digital Measure
M70_Ankle_Circumference_(mm),Digital Measure
M71_Foot_Length_(mm),Digital Measure
M72_Ball_of_Foot_Length_(mm),Digital Measure
M73_Seat_Angle_(°),Digital Measure
M74_Outside_Leg_Length_(mm),Digital Measure
M75_Chest_Level_(mm),Digital Measure
M76_Bust_Level_(mm),Digital Measure
M77_Waist_Level_Centre_Front_(mm),Digital Measure
M78_Hip_Level_(female)_(mm),Digital Measure
M79_Waist_Level_Centre_Back_(mm),Digital Measure
M80_Seat_Level_(mm),Digital Measure
M81_Trochanteric_Height_(mm),Digital Measure
M82_Hip_Level_(male)_(mm),Digital Measure
M83_Knee_Level_(mm),Digital Measure
M84_Ankle_Height_(mm),Digital Measure
M85_Torso_Length_(mm),Digital Measure
M86_Hand_Depth_(mm),Physical Measure
M87_Wrist-Centre_Thumbtip_Distance_(mm),Physical Measure
M88_Wrist-Centre_Grip_Distance_(mm),Physical Measure
M89_Ear_Length_(mm),Physical Measure
M90_Overhead_Fingertip_Reach_(mm),Physical Measure
M91_Index_Finger_Breadth_Distal_(mm),Physical Measure
