key,label,category,unit,ansur_1988,ansur_ii_2012,asran_2015,usaf_1967,note
stature,Stature,Heights (standing),mm,STATURE,stature,M38_Stature_(mm),V14_STATURE,
mass,Body mass,Body size,kg,WEIGHT,weightkg,M40_Weight_(kg),V3_WEIGHT,"ANSUR hectograms /10; USAF pounds x 0.45359237"
bmi,Body mass index,Body size,kg/m²,,,,,Derived: mass / (stature in m)²
age,Age,Demographics,years,,Age,,V2_AGE,USAF recorded in tenths of a year at bin midpoints
cervicale_height,Cervicale height,Heights (standing),mm,CERVIC_HT,cervicaleheight,M01_Cervicale_Height_(mm),V15_CERVICALE HT,
acromion_height,Acromion height,Heights (standing),mm,ACROMION_HT,acromialheight,M03_Acromion_Height_(mm),V16_ACROMION HT,
suprasternale_height,Suprasternale height,Heights (standing),mm,SUPRASTERNALE_HT,suprasternaleheight,M04_Suprasternale_Height_(mm),V20_SUPRASTERNALE HT,
iliocristale_height,Iliocristale height,Heights (standing),mm,ILIOCRISTALE_HT,iliocristaleheight,M07_Iliocristale_Height_(mm),V23_ILIOCRISTALE HT,
trochanterion_height,Trochanterion height,Heights (standing),mm,TROCHANTERION_HT,trochanterionheight,M81_Trochanteric_Height_(mm),V25_TROCHANTERION HT,
crotch_height,Crotch height,Heights (standing),mm,CROTCH_HT,crotchheight,M08_Crotch_Height_(mm),V27_CROTCH HT,
sitting_height,Sitting height,Seated,mm,SITTING_HT,sittingheight,M39_Sitting_Height_(mm),V33_SITTING HT,
eye_height_sitting,Eye height (sitting),Seated,mm,EYE_HT-SITTING,eyeheightsitting,"M09_Eye_Height,_Sitting_(mm)",V34_EYE HT-SITTING,
acromion_height_sitting,Acromion height (sitting),Seated,mm,ACR_HT-SIT,,"M10_Acromion_Height,_Sitting_(mm)",V36_ACROMION HT - SITTING,
elbow_rest_height,Elbow rest height,Seated,mm,ELBOW_REST_HT,elbowrestheight,"M11_Elbow_Rest_Height,_Sitting_(mm)",V37_ELBOW REST HT - SITTING,
thigh_clearance,Thigh clearance,Seated,mm,THIGH_CLEARANCE,thighclearance,M12_Thigh_Clearance_(mm),V66_THIGH CLEARANCE,
knee_height_sitting,Knee height (sitting),Seated,mm,KNEE_HT_-_SITTING,kneeheightsitting,"M13_Knee_Height,_Sitting_(mm)",V38_KNEE HT - SITTING,
popliteal_height,Popliteal height,Seated,mm,POPLITEAL_HT-SITTING,poplitealheight,M14_Popliteal_Height_(mm),V39_POPLITEAL HT-SITTING,
buttock_knee_length,Buttock-knee length,Seated,mm,BUTT_KNEE_LNTH,buttockkneelength,M25_Buttock-Knee_Length_(mm),V40_BUTTOCK-KNEE LNTH,
buttock_popliteal_length,Buttock-popliteal length,Seated,mm,BUTT_POPLITEAL_LNTH,buttockpopliteallength,M26_Buttock-Popliteal_Length_(mm),V41_BUTTOCK-POPLITEAL LNTH,
abdominal_depth_sitting,Abdominal extension depth (sitting),Seated,mm,AB-EXT-DEPTH-SIT,abdominalextensiondepthsitting,"M23_Abdominal_Extension_Depth,_Sitting_(mm)",,
hip_breadth_sitting,Hip breadth (sitting),Seated,mm,HIP_BRTH_SITTING,hipbreadthsitting,"M24_Hip_Breadth,_Sitting_(mm)",V57_HIP BRTH-SITTING,
biacromial_breadth,Biacromial breadth,Breadths & depths,mm,BIACROMIAL_BRTH,biacromialbreadth,M48_Biacromial_Breadth_(mm),V51_BIACROMIAL BRTH,
bideltoid_breadth,Bideltoid breadth,Breadths & depths,mm,BIDELTOID_BRTH,bideltoidbreadth,M18_Bideltoid_Breadth_(mm),V52_BIDELTOID BRTH,
forearm_forearm_breadth,Forearm-forearm breadth,Breadths & depths,mm,FOREARM_TO_FOREARM_BRTH,forearmforearmbreadth,M22_Forearm-Forearm_Breadth_(mm),V60_FOREARM TO FOREARM BRTH,
chest_breadth,Chest breadth,Breadths & depths,mm,CHEST_BRTH,chestbreadth,M19_Chest_Breadth_(mm),V53_CHEST BRTH,
chest_depth,Chest depth,Breadths & depths,mm,CHEST_DEPTH,chestdepth,M20_Chest_Depth_(mm),V63_CHEST DEPTH,
bicristal_breadth,Bicristal (biiliocristale) breadth,Breadths & depths,mm,,bicristalbreadth,M21_Bicristale_Breadth_(mm),V55_BIILIOCRISTALE BRTH,
chest_circumference,Chest circumference,Circumferences,mm,CHEST_CIRC,chestcircumference,M33_Chest_Circumference_(mm),V70_CHEST CIRC,
waist_circumference,Waist circumference (omphalion),Circumferences,mm,WAIST_CIRC-OMPHALION,waistcircumference,M35_Waist_Circumference_(Omphalion)_(mm),V71_WAIST CIRC-OMPHALION,
buttock_circumference,Buttock circumference,Circumferences,mm,BUTTOCK_CIRC,buttockcircumference,M36_Buttock_Circumference_(mm),V73_BUTTOCK CIRC,
neck_circumference,Neck circumference,Circumferences,mm,NECK_CIRC-OVER_LARYNX,neckcircumference,M45_Neck_Circumference_(mm),V67_NECK CIRC OVER LARYNX,
neck_circumference_base,Neck circumference (base),Circumferences,mm,NECK_CIRC-BASE,neckcircumferencebase,"M29_Neck_Circumference,_Base_(mm)",,
shoulder_circumference,Shoulder circumference,Circumferences,mm,SHOULDER_CIRC,shouldercircumference,,V68_SHOULDER CIRC,
biceps_circumference_flexed,Biceps circumference (flexed),Circumferences,mm,ARMCIRCBCPS_FLEX,bicepscircumferenceflexed,"M31_Biceps_Circumference,_Flexed_(mm)",V107_ARM CIRC-BICEPS FLEXED,
forearm_circumference_flexed,Forearm circumference (flexed),Circumferences,mm,FOREARM_CIRC-FLEXED,forearmcircumferenceflexed,"M32_Forearm_Circumference,_Flexed_(mm)",V112_FOREARM CIRC-FLEXED,
wrist_circumference,Wrist circumference,Circumferences,mm,WRIST_CIRC-STYLION,wristcircumference,M63_Wrist_Circumference_(mm),V113_WRIST CIRC-MIN,
thigh_circumference,Thigh circumference,Circumferences,mm,THIGH_CIRC-PROXIMAL,thighcircumference,M67_Thigh_Circumference_(mm),V97_THIGH CIRC-PROXIMAL,
calf_circumference,Calf circumference,Circumferences,mm,CALF_CIRC,calfcircumference,M69_Calf_Circumference_(mm),V101_CALF CIRC,
ankle_circumference,Ankle circumference,Circumferences,mm,ANKLE_CIRC,anklecircumference,M70_Ankle_Circumference_(mm),V103_ANKLE CIRC,
vertical_trunk_circumference,Vertical trunk circumference,Circumferences,mm,VERTICAL_TRUNK_CIRC,verticaltrunkcircumferenceusa,,V75_VERTICAL TRUNK CIRC,
shoulder_elbow_length,Shoulder-elbow length,Limbs & reach,mm,SHOULDER_ELBOW_LNTH,shoulderelbowlength,,V43_SHOULDER-ELBOW LNTH,
acromion_radiale_length,Acromion-radiale length,Limbs & reach,mm,ACR-RADL_LNTH,acromionradialelength,M60_Acromion-Radiale_Length_(mm),V44_ACROMION-RADIALE LNTH,
radiale_stylion_length,Radiale-stylion length,Limbs & reach,mm,RADIALE-STYLION_LNTH,radialestylionlength,M61_Radiale-Stylion_Length_(mm),V46_RADIALE-STYLION LNTH,
sleeve_outseam,Sleeve outseam,Limbs & reach,mm,SLEEVE-OUTSEAM_LNTH,sleeveoutseam,M62_Sleeve_Outseam_(mm),,
shoulder_length,Shoulder length,Limbs & reach,mm,SHOULDER_LNTH,shoulderlength,M30_Shoulder_Length_(mm),V119_SHOULDER LNTH,
thumbtip_reach,Thumb-tip reach,Limbs & reach,mm,THUMB-TIP_REACH,thumbtipreach,M37_Thumbtip_Reach_(mm),V48_THUMB-TIP REACH,
span,Span,Limbs & reach,mm,SPAN,span,,,
hand_length,Hand length,Hands & feet,mm,HAND_LNTH,handlength,M66_Hand_Length_(mm),V135_HAND LNTH,
hand_breadth,Hand breadth (metacarpale),Hands & feet,mm,HAND_BRTH_AT_METACARPALE,handbreadth,M65_Hand_Breadth_(mm),V137_HAND BRTH AT METACARPALE,
hand_circumference,Hand circumference (metacarpale),Hands & feet,mm,HAND_CIRC_AT_METACARPALE,handcircumference,M64_Hand_Circumference_(mm),V139_HAND CIRC AT METACARPALE,
foot_length,Foot length,Hands & feet,mm,FOOT_LNTH,footlength,M71_Foot_Length_(mm),V126_FOOT LNTH,
foot_breadth,Foot breadth,Hands & feet,mm,FOOT_BRTH,footbreadthhorizontal,"M27_Foot_Breadth,_Horizontal_(mm)",V128_FOOT BRTH,
head_circumference,Head circumference,Head & face,mm,HEAD_CIRC,headcircumference,M28_Head_Circumference_(mm),V142_HEAD CIRC,
head_length,Head length,Head & face,mm,HEAD_LNTH,headlength,M42_Head_Length_(mm),V151_HEAD LNTH,
head_breadth,Head breadth,Head & face,mm,HEAD_BRTH,headbreadth,M41_Head_Breadth_(mm),V157_HEAD BRTH,
bizygomatic_breadth,Bizygomatic breadth,Head & face,mm,BIZYGOMATIC_BRTH,bizygomaticbreadth,M16_Bizygomatic_Breadth_(mm),V160_BIZYGOMATIC BRTH,
menton_sellion_length,Menton-sellion (face) length,Head & face,mm,MENTON_TO_NASAL_ROOT_DEP_LNTH,mentonsellionlength,M43_Menton-Sellion_Length_(mm),V173_MENTON TO NASAL ROOT DEP LNTH,
interpupillary_breadth,Interpupillary breadth,Head & face,mm,INTERPUPILLARY_DIST,interpupillarybreadth,M15_Interpupillary_Breadth_(mm),V164_INTERPUPILLARY DIST,ANSUR II recorded in tenths of a mm /10
ear_length,Ear length,Head & face,mm,EAR_LNTH,earlength,M89_Ear_Length_(mm),V155_EAR LNTH,
