slug,title,title_english,language,authors,year,journal,doi,url,pdf_url,local_pdf,license,country,population,n_reported,accessibility,rows_extracted,notes
de-2024-scheit-bundeswehr-obesity,Prävalenz von Adipositas und damit verbundene gesundheitliche Risikofaktoren bei Soldaten der Bundeswehr,Prevalence of obesity and associated health risk factors in soldiers of the Bundeswehr,German,Scheit L; Schröder J; Will S; Reer R; Hoffmann MA,2024,Wehrmedizinische Monatsschrift 68(11):478-485,,https://opus4.kobv.de/opus4-fizbw/frontdoor/index/index/docId/367,https://opus4.kobv.de/opus4-fizbw/files/367/WMM_202411_478-485_Scheit.pdf,reports/openaccess/de-2024-scheit-bundeswehr-obesity.pdf,CC BY 4.0,Germany,"Bundeswehr soldiers, mandatory examinations 2018-2022",40165,full text read,3,"Table 1 gives age, BMI, waist mean/SD and P25/P50/P75 for the pooled sample only; height and weight not tabulated; sex-specific values only as prevalences"
de-2020-scheit-medical-officers-hamburg,Fitnessevaluierung von Sanitätsoffizieren am Bundeswehrkrankenhaus Hamburg,Fitness evaluation of medical officers at the Bundeswehr Hospital Hamburg,German,Scheit L; Schröder J; Brandenstein S; Freund M; Reer R,2020,Wehrmedizinische Monatsschrift 64(5):170ff,,https://wmm.pic-mediaserver.de/index.php?a=202005_202005_wmm202005_S170_Praeventivmed_Scheit&f=artikel,,,,Germany,"Bundeswehr physicians, BwKrhs Hamburg",48,web article read,2,"Table 4 is an image; only the waist circumference by sex is quoted in the text (85.7 cm men, 75.8 cm women); BMI 24.2 pooled; no height/weight/SD"
de-2010-leyk-bft-evaluation,"Körperliche Leistungsfähigkeit, Körpermaße und Risikofaktoren von 18 bis 35-jährigen Soldaten: Ergebnisse der Evaluierungsstudie zum Basis-Fitness-Test (BFT)","Physical performance, body dimensions and risk factors of 18-35-year-old soldiers: results of the Basic Fitness Test evaluation study",German,Leyk D; Witzki A; Gorges W; Rohde U; Lison A; Rondé M; Wömpener H; Schlattmann A; Dobmeier H; Rüther T; Wunderlich M,2010,Wehrmedizinische Monatsschrift 2010(11-12),,https://military-medicine.com/koerperliche-leistungsfaehigkeit-koerpermasse-und-risikofaktoren-von-18-bis-35-jaehrigen-soldaten-ergebnisse-der-evaluierungsstudie-zum-basis-fitness-test-bft/,,,,Germany,"Bundeswehr soldiers 18-35 y (4586 M, 277 F)",4863,web article read; Table 1 image not retrievable,0,"Anthropometric Table 1 (height, weight, BMI, waist by sex) is served only as an image that returned 404; text gives prevalences only"
de-2020-ruether-leyk-young-adults,"Gesundheit, Belastbarkeit und Leistungsfähigkeit von jungen Erwachsenen","Health, resilience and physical performance of young adults",German,Rüther T; Leyk D,2020,Wehrmedizinische Monatsschrift 64(8):258ff,,https://wmm.pic-mediaserver.de/index.php?a=202008_202008_wmm202008_S258_Ruether&f=artikel,,,,Germany,young adults / Bundeswehr applicants,,web article read,0,"Review; figures only, no mean/SD tables"
nl-1989-schuffel-dutchmil85,Antropometrie voor de krijgsmacht,Anthropometry for the armed forces,Dutch,Schuffel H,1989,Militaire Spectator 158(1):13-18,,https://www.militairespectator.nl/sites/default/files/bestanden/uitgaven/1989/1989-0013-01-0010.PDF,https://www.militairespectator.nl/sites/default/files/bestanden/uitgaven/1989/1989-0013-01-0010.PDF,reports/openaccess/nl-1989-schuffel-dutchmil85.pdf,,Netherlands,"Dutch male soldiers, Dutchmil '85 database",1010,full text read (scanned PDF with text layer),8,"Only published summary of the Dutchmil '85 survey (80 000 measurements on 1010 KL soldiers): stature, weight and six seated dimensions (mean, SD)"
nl-1993-ellens-tall-soldier,De lange Nederlandse militair in de verdrukking,The tall Dutch soldier squeezed,Dutch,Ellens E,1993,Militaire Spectator 162(1):50ff (also TNO-IZF),,https://publications.tno.nl/publication/34641090/BzaWjW/ellens-1993-lange.pdf,https://publications.tno.nl/publication/34641090/BzaWjW/ellens-1993-lange.pdf,reports/openaccess/nl-1993-ellens-tall-soldier.pdf,,Netherlands,Dutch soldiers (design discussion),,full text read,0,Ergonomics discussion using CBS civilian stature trends; no military mean/SD tables
nl-tno-dtic-3d-scan-reports,"TNO Defensie en Veiligheid reports on 3D body scanning / clothing sizing (DTIC ADA494086, ADA455764, ADA218053)",TNO Defence and Security reports on 3D body scanning and clothing sizing,Dutch/English,TNO,,DTIC,,https://apps.dtic.mil/sti/tr/pdf/ADA494086.pdf,,,,Netherlands,,,not accessible (DTIC returns 403 to scripts and WebFetch),0,Candidate sources for Dutch military scan data; could not be downloaded
se-1972-fm72-7-conscript-anthropometry,"Antropometrisk-morfologisk undersökning av värnpliktiga (Flygmedicinsk rapport FM 72:7, FMV Försökscentralen)",Anthropometric-morphological survey of conscripts (preliminary report),Swedish,Andrae B et al. (FMV/FOA),1972,FMV Försökscentralen / Flygmedicinsk rapport FM 72:7,,https://www.diva-portal.org/smash/get/diva2:1138137/FULLTEXT01.pdf,,,,Sweden,"Swedish conscripts, c. 300 each at Göteborg, Solna, Boden (1971-72)",c. 900,not accessible (DiVA portal returned 503 / connection reset for every attempt),0,Full-text PDF exists on DiVA; also companion hand-measurement report diva2:1138182 and diva2:1138180; high-priority target for a retry
se-gih-diva-soldier-studies,GIH/DiVA soldier studies (Rapport 9 Studier av stridsvärde vid långvarigt arbete; En hållbar soldat; Reliabilitetsanalys av Försvarsmaktens fälttest),GIH/DiVA Swedish soldier physiology studies,Swedish,GIH / Försvarsmakten,,DiVA,,https://gih.diva-portal.org/smash/get/diva2:974911/FULLTEXT01.pdf,,,,Sweden,,,not accessible (DiVA 503),0,Likely contain small-sample height/weight tables of Swedish soldiers; not retrievable in this session
no-2017-kober-ffi-conscription,"Friskere, raskere, sterkere? – en kvantitativ analyse av medisinske og fysiske krav til førstegangstjeneste","Healthier, faster, stronger? A quantitative analysis of medical and physical requirements for initial military service",Norwegian,Køber PK,2017,FFI-rapport 17/16577,,https://www.ffi.no/publikasjoner/arkiv/friskere-raskere-sterkere-en-kvantitativ-analyse-av-medisinske-og-fysiske-krav-til-forstegangstjeneste,,reports/openaccess/no-2017-kober-ffi-conscription.pdf,,Norway,Norwegian conscripts born 1997 at session part 2,,full text read,0,Only a footnote mean height of field-fit women (168 cm); scores otherwise; no mean/SD tables
no-ssb-sa108-conscripts-session,Egenrapportert høyde og vekt for sesjonspliktige (SÅ 108),Self-reported height and weight of persons liable for conscription session (table SÅ 108),Norwegian,Statistisk sentralbyrå,2018,SSB statistical yearbook table,,https://www.ssb.no/376924/egenrapportert-hoyde-og-vekt-for-sesjonspliktige-sa-108,,,,Norway,Norwegian conscripts at session,,web table read,15,Rows up to 2010 are measured at session (extracted); 2011+ self-reported (not extracted); no SD/n
no-brage-cadet-theses,Krigsskolen/NIH theses on cadet body composition (Gaare & Hovden 2021; Valnes 2018; Moving Soldiers 2012),Norwegian military academy / sport-science theses on cadet body composition,Norwegian,various,,Brage (unit.no),,https://fhs.brage.unit.no/fhs-xmlui/bitstream/handle/11250/2788392/Bachelor-oppgave%20FHS%20KS%20Gaare%20og%20Hovden%202021.pdf?sequence=2&isAllowed=y,,,,Norway,,,not accessible (brage.unit.no unreachable through proxy),0,"Search snippets report e.g. cadets 79.11±9.76 kg, 11.84±4.97 % fat, and field-exercise soldiers 179.8±7.4 cm / 82.9±11 kg; not verified"
dk-2025-forsvarets-dag-statistics,Statistiske oplysninger fra Forsvarets Dag/session (oktober 2025),"Statistical information from Forsvarets Dag (conscription day) / session, October 2025",Danish,Forsvarsministeriets Personalestyrelse,2025,Danish Ministry of Defence Personnel Agency statistics note,,https://www.forsvaret.dk/globalassets/fps/dokumenter/2025/-statistik-fra-forsvarets-dag-okt2025-.pdf,https://www.forsvaret.dk/globalassets/fps/dokumenter/2025/-statistik-fra-forsvarets-dag-okt2025-.pdf,reports/openaccess/dk-2025-forsvarets-dag-statistics.pdf,,Denmark,Danish men and women examined at Forsvarets Dag,11 000-20 000 men and 800-2 100 women per half-year,full text read,87,"Mean measured height per session half-year (men 1852-2025, women 2006-2025); BMI given only as category percentages; no SD"
fi-2016-reservists-fitness-2015,Reserviläisten toimintakyky vuonna 2015,Functional capacity of reservists in 2015,Finnish,Vaara J; Kyröläinen H; et al. (Puolustusvoimat / Maanpuolustuskorkeakoulu),2016,Finnish Defence Forces research report,,https://puolustusvoimat.fi/documents/1951253/2670014/PEVIESTOS-Reservilaistutkimus2015-20160525/00312ea2-fa34-41e4-93f0-0aa7a81d51b5/PEVIESTOS-Reservilaistutkimus2015-20160525.pdf,https://puolustusvoimat.fi/documents/1951253/2670014/PEVIESTOS-Reservilaistutkimus2015-20160525/00312ea2-fa34-41e4-93f0-0aa7a81d51b5/PEVIESTOS-Reservilaistutkimus2015-20160525.pdf,reports/openaccess/fi-2016-reservists-fitness-2015.pdf,,Finland,"Finnish reservists 20-34 y at refresher training 2015 (777 M, 15 F) plus 2003 and 2008 cohorts",792,full text read,22,"Table 28 (men 2015), Appendix 2 (women), Appendix table 14 (unweighted 2003/2008/2015): height, weight, BMI, waist, fat%"
fi-2008-jallinoja-varu-conscripts,"Varusmiesten ravitsemus, terveyden riskitekijät ja terveystaju – VARU-interventiotutkimuksen palvelukseenastumisvaiheen tulokset Panssariprikaatissa ja Kainuun Prikaatissa vuonna 2007","Conscripts' nutrition, health risk factors and health literacy – baseline results of the VARU intervention study in the Armoured Brigade and Kainuu Brigade in 2007",Finnish,Jallinoja P; Sahi T; Uutela A (eds),2008,Kansanterveyslaitoksen julkaisuja B16/2008,,https://www.julkari.fi/server/api/core/bitstreams/89b472e3-2f43-4c05-87a8-78b5ff3d1547/content,https://www.julkari.fi/server/api/core/bitstreams/89b472e3-2f43-4c05-87a8-78b5ff3d1547/content,reports/openaccess/fi-2008-jallinoja-varu-conscripts.pdf,,Finland,"Finnish male conscripts entering service, Jan/Jul 2007",1144,full text read,16,"Tables 16-18: BMI, waist, fat% means by brigade and intake (no SD); weight mean from text"
fi-2020-pihlainen-kritoky,KRITOKY-tutkimus: valmiustason ylläpito matalakuormitteisissa kriisinhallintaoperaatioissa edellyttää voima- ja kestävyysharjoittelua,KRITOKY study: maintaining readiness in low-load crisis-management operations requires strength and endurance training,Finnish,Pihlainen K; Santtila M; Kyröläinen H,2020,Sotilaslääketieteen aikakauslehti 95(2):29-34,,https://jyx.jyu.fi/bitstream/handle/123456789/75963/1/Sotilaslaaketieteen_aikakauslehti_2_2020_KRITOKY.pdf,https://jyx.jyu.fi/bitstream/handle/123456789/75963/1/Sotilaslaaketieteen_aikakauslehti_2_2020_KRITOKY.pdf,reports/openaccess/fi-2020-pihlainen-kritoky.pdf,,Finland,Finnish male peacekeepers,91,full text read (JYX self-archived version),4,"Age, height, weight, BMI mean±SD in text"
fi-2021-conscript-fitness-trends,"Varusmiespalveluksensa aloittaneiden nuorten miesten fyysisen kunnon, pituuden ja painon muutokset 1970-luvulta 2020-luvulle","Changes in physical fitness, height and weight of young men starting conscript service from the 1970s to the 2020s",Finnish,"Puolustusvoimat, Koulutusosasto",2021,Finnish Defence Forces statistics slides,,https://puolustusvoimat.fi/documents/2035479/57064654/VM+kuntotilastot+2021+web.pdf/f8763257-235c-4c7a-d94a-77b2b8e320fa?t=1638859566230,https://puolustusvoimat.fi/documents/2035479/57064654/VM+kuntotilastot+2021+web.pdf/f8763257-235c-4c7a-d94a-77b2b8e320fa?t=1638859566230,reports/openaccess/fi-2021-conscript-fitness-trends.pdf,,Finland,all Finnish male conscripts at start of service 1993-2021,c. 20 000 per year,full text read (chart data labels),29,Mean weight per year 1993-2021 from chart labels; height curve unlabelled; no SD
fi-2022-vafyko-conscript-training,Varusmiesten liikuntakoulutus osana Koulutus 2020 -uudistusta. Tutkimusraportti,Conscripts' physical training as part of the Training 2020 reform. Research report,Finnish,Puolustusvoimat (VAFYKO study group),2022,Finnish Defence Forces research report,,https://puolustusvoimat.fi/documents/1951253/2670014/VAFYKO-tutkimusraportti_WEB_FINAL.pdf/12486ca2-ee41-5545-9e70-b9f9b0084bf1?t=1652700504065,,reports/openaccess/fi-2022-vafyko-conscript-training.pdf,,Finland,Finnish conscripts (n=50-67),,full text read,0,"Tables give only changes (deltas) in body composition, not baseline means"
fi-sotilaslaaketieteen-aikakauslehti-2020-2025,"Sotilaslääketieteen aikakauslehti issues 1/2020, 1/2022, 2/2022, 2/2023, 1/2025, 2/2025","Finnish Annals of Military Medicine, six issues screened",Finnish,various,2020-2025,Sotilaslääketieteen aikakauslehti,,https://puolustusvoimat.fi/documents/1948673/2015558/Sotilasl%C3%A4%C3%A4ketieteen+aikakauslehti+2_2023.pdf,,,,Finland,,,full text screened,0,Text of all six issues grepped for pituus/paino/BMI with ± values: no anthropometric mean/SD tables for military samples
fi-2019-maki-avohilmo-conscription-age,Avohilmo tietolähteenä kutsuntaikäisten miesten ylipainon seurannassa,Avohilmo register as a data source for monitoring overweight in conscription-age men,Finnish,Mäki P; Männistö S; Levälahti E; Koskela T; Mölläri K; Mahkonen R; Laatikainen T,2019,Lääkärilehti,,https://www.laakarilehti.fi/tieteessa/alkuperaistutkimukset/avohilmo-tietolahteena-kutsuntaikaisten-miesten-ylipainon-seurannassa/,,,,Finland,men born 1999 at call-up health checks (primary care register),9756,web article read,0,Civilian primary-care register of call-up-age men (mean BMI 23.4); table is an image; not a military measurement
hu-2025-novak-basic-training,"A katonai felkészítés, alapkiképzés és lövészalapozó képzés hatása a testalkati mutatókra és az erőre","Effect of military preparation, basic training and basic marksmanship training on body-shape indicators and strength",Hungarian,Novák A; Szentgyörgyi V; et al.,2025,Honvédorvos 77(1-2):46-58,10.29068/HO.2025.1-2.46-58,https://real.mtak.hu/227621/,https://real.mtak.hu/227621/6/Nov%C3%A1kA%20HO2025%201-2%20p%2046-58%20(1).pdf,reports/openaccess/hu-2025-novak-basic-training.pdf,,Hungary,"HDF recruits in 9-week basic training 2024 (257 M, 8 F)",265,full text read,10,"Table 1 baseline mean/SD: age, height, weight, waist, hip, fat%, muscle%, visceral fat, handgrip"
hu-2017-juhasz-htp-body-composition,A Honvéd Testalkati Programban résztvevők testösszetétel változása a hat hónapos diétás és mozgásprogram hatására,Change in body composition of participants of the Honvéd Body-Shape Programme after the six-month diet and exercise programme,Hungarian,Juhász Z; Rázsó Z; Novák A; Hornyák B; Szalánczi S,2017,Honvédorvos 69(3-4):35-43,10.29068/HO.2017.3-4.35-43,https://real.mtak.hu/93501/,https://real.mtak.hu/93501/1/03%20A%20Honv%C3%A9d%20Testalkati%20Programban%20r%C3%A9sztvev%C5%91k%20test%C3%B6sszet%C3%A9tel%20v%C3%A1ltoz%C3%A1sa%20a%20hat%20h%C3%B3napos%20di%C3%A9t%C3%A1s%20%C3%A9s%20mozg%C3%A1sprogram%20hat%C3%A1s%C3%A1ra.pdf,reports/openaccess/hu-2017-juhasz-htp-body-composition.pdf,,Hungary,HDF personnel in obesity programme (selected group),124,full text read; table transcribed from image,14,"Table II by sex: age, weight, fat%, fat mass, BMI, visceral fat, muscle%; n per sex not printed; no height"
hu-2019-juhasz-htp-experiences,A Honvéd Testalkati Program tapasztalatai,Experiences of the Honvéd Body-Shape Programme,Hungarian,Juhász Z; et al.,2019,Honvédorvos 71(1-2),,https://real.mtak.hu/112903/,,reports/openaccess/hu-2019-juhasz-htp-experiences.pdf,,Hungary,HTP participants,390,full text read,0,Only age (42.81±8.77) and change scores; no baseline height/weight table
hu-mhek-htp-guidance,Harc az elhízás ellen: a Honvéd Testalkati Program (MH EK tájékoztató),Fight against obesity: the Honvéd Body-Shape Programme (HDF Medical Centre information document),Hungarian,MH Egészségügyi Központ,,mhek.hu,,https://www.mhek.hu/images/media/5fdb3c2d59ead627059279.pdf,,,,Hungary,,,full text read,0,Programme description and reference tables; no sample statistics
tr-2010-ulas-malatya-military-hospital,Malatya Asker Hastanesinde 2007 Yılında Görev Yapan Personelin Sağlıklı Beslenme Konusundaki Tutum ve Davranışları,Attitudes and behaviours regarding healthy nutrition of personnel serving at Malatya Military Hospital in 2007,Turkish,Ulaş B; Genç MF,2010,İnönü Üniversitesi Tıp Fakültesi Dergisi 17(3):187-193,,https://dergipark.org.tr/en/download/article-file/139319,https://dergipark.org.tr/en/download/article-file/139319,reports/openaccess/tr-2010-ulas-malatya-military-hospital.pdf,,Turkey,"military hospital personnel (49% conscript soldiers), 217 M / 55 F",268,full text read,4,"Pooled age, height, weight, BMI mean±SD in text; mixed military/civilian staff"
tr-2017-basibuyuk-police-candidates,Antropometrik Ölçümlerin Polis Adaylarının Silah Atış Performansları Üstünde Etkisi,Effect of anthropometric measurements on the shooting performance of police candidates,Turkish,Başıbüyük GÖ; Acar S; Doğan M,2017,Hitit Üniversitesi Sosyal Bilimler Enstitüsü Dergisi 10(2):757-774,,https://dergipark.org.tr/en/download/article-file/386242,,reports/openaccess/tr-2017-basibuyuk-police-candidates.pdf,,Turkey,POMEM police-academy candidates (civilian police),,full text read,0,"Excluded: police, not military; Table 3 has hand length/breadth, height, weight, BMI mean±SD"
tr-2017-kaya-ozok-anthropometry-review,Tasarımda Antropometrinin Önemi,The importance of anthropometry in design,Turkish,Kaya Ö; Özok AF,2017,Mühendislik Bilimleri ve Tasarım Dergisi 5(SI):309-316,10.21923/jesd.45182,https://dergipark.org.tr/tr/download/article-file/303440,,,,Turkey,,,full text read,0,Review; cites Hertzberg 1960-61 (915 Turkish soldiers) and Kayış 1989/1990 Turkish male surveys but tabulates only civilian 1981/2005 data; no Turkish-language report of the Kayış & Özok 1991 army survey was found
lt-2007-cesnaviciene-conscripts,Privalomosios karinės tarnybos karių gyvensenos tyrimas,Study of the lifestyle of compulsory military service soldiers,Lithuanian,Česnavičienė I,2007,"Kaunas University of Medicine, master thesis",,https://portalcris.lsmuni.lt/server/api/core/bitstreams/956a5a42-079e-4842-bdf0-2f40b578114a/content,https://portalcris.lsmuni.lt/server/api/core/bitstreams/956a5a42-079e-4842-bdf0-2f40b578114a/content,reports/openaccess/lt-2007-cesnaviciene-conscripts.pdf,,Lithuania,Lithuanian conscripts at start of service,200,full text read,3,"Means of height, weight, age without SD (questionnaire study); thesis also cites a 197-soldier study (weight +5.5±4.5 kg during service)"
lt-2015-sporto-mokslas-rowers,Sporto mokslas 2015 Nr. 3(81) article on elite rowers,Sports Science 2015 article on elite rowers,Lithuanian,various,2015,Sporto mokslas,,https://portalcris.vdu.lt/server/api/core/bitstreams/2a2dcd36-1a0f-4f52-ad15-2398e41737fb/content,,,,Lithuania,,,full text read,0,"Excluded: athletes, not military (search false positive)"
ee-2005-novikov-conscripts-health,Kaitseväeteenistuse mõju ajateenijate tervisele,Effect of defence-force service on conscripts' health,Estonian,Novikov O,2005,"University of Tartu, master thesis in public health",,https://www.digar.ee/arhiiv/et/download/233636,,reports/openaccess/ee-novikov-conscripts-health.pdf,,Estonia,Estonian conscripts 17-27 y,567,full text read,0,Only ranges and BMI decile changes; no mean/SD of height or weight
ee-2025-jurgenstein-conscript-fitness,Ajateenijate üldkehaliste võimete muutus ajateenistuse jooksul kaitseväe kehaliste võimete kontrolltesti tulemuste põhjal,Change in conscripts' general physical abilities during service based on the Defence Forces physical fitness test,Estonian,Jürgenstein JA,2025,"University of Tartu, bachelor thesis",,https://dspace.ut.ee/server/api/core/bitstreams/b0b6e83f-05ff-49dc-baf8-39b3b112bcb2/content,,,,Estonia,,,full text read,0,Fitness-test scores only; BMI used as covariate without descriptives
lv-cederstrema-dissertation,"Rīgas Stradiņa universitāte, Anatomijas un antropoloģijas institūts – disertācija (Cederstrēma Z.)",Riga Stradiņš University dissertation (children's anthropometry) citing Latvian soldier studies,Latvian,Cederstrēma Z,,RSU dissertation,,https://www.rsu.lv/sites/default/files/dissertations/ZCederstrema_disertacija.pdf,,,,Latvia,,,full text read,0,"Civilian; references Kokare I. (1998) 'Latvijas karavīru bioloģiskā statusa izvērtējums, pamatojoties uz 1939. un 1996. gada izpētes datiem' (Latvian soldiers 1939 and 1996) – not online"
lv-2017-plavina-combat-endurance-course,Antropometrisko rādītāju izmaiņas fiziskās slodzes ietekmē kaujas izturības kursa dalībniekiem,Changes in anthropometric indicators under physical load in combat endurance course participants,Latvian,Pļaviņa L; Vellere N,2017,Latvijas ārstu 8. kongress (abstract),,https://science.rsu.lv/en/publications/antropometrisko-r%C4%81d%C4%ABt%C4%81ju-izmai%C5%86as-fizisk%C4%81s-slodzes-ietekm%C4%93-kaujas,,,,Latvia,,,abstract page only (metadata),0,Abstract text not retrievable
at-statistik-austria-stellungspflichtige,Stellungsergebnisse Geburtenjahrgang bis 2006 (Gesundheitszustand der Stellungspflichtigen),"Conscription examination results, birth cohorts 1972-2006 (health status of men liable for military service)",German,"Statistik Austria; Bundesministerium für Landesverteidigung, Ergänzungswesen",2025,Statistik Austria data table (ODS),,https://www.statistik.at/statistiken/bevoelkerung-und-soziales/gesundheit/gesundheitszustand/gesundheitszustand-der-stellungspflichtigen,https://www.statistik.at/fileadmin/pages/392/Stellungsergebnisse_Geburtenjahrgang_bis_2006.ods,,,Austria,"all Austrian men examined for military service, cohorts 1972-2006",36 000-48 000 per cohort,spreadsheet read,104,"Mean height, weight (T1) and waist (T2) per birth cohort plus category distributions; no SD; cohort 2006 also by federal state (not extracted)"
at-2003-truppendienst-female-soldiers,Die körperliche Leistungsfähigkeit weiblicher Soldaten,Physical performance of female soldiers,German,Truppendienst (Bundesheer),2003,Truppendienst 5/2003,,https://www.bmlv.gv.at/truppendienst/ausgaben/artikel.php?id=91,,,,Austria,147 female Bundesheer soldiers (mean weight 60.3 kg per snippet),,not accessible (404),0,Page removed
ch-2020-matthes-gewicht-der-schweiz,Das Gewicht der Schweiz. Eine quantitative Synthesestudie zum Body Mass Index und Bauchumfang sowie den damit verbundenen Kofaktoren bei erwachsenen Männern und Frauen in der Schweiz,The weight of Switzerland. A quantitative synthesis study on BMI and waist circumference and associated cofactors in adult men and women in Switzerland,German,Matthes KL; Floris J; Hartmann C; Burnier M; Bochud M; Bührer TW; Reber E; Stanga Z; Gültekin N; Zwahlen M; Bender N; Staub K,2020,"Report to BLV/BAG, Institut für Evolutionäre Medizin, Universität Zürich",,https://www.bag.admin.ch/dam/fr/sd-web/AFCHHUqnla-K/schlussbericht-bmi.pdf,https://www.bag.admin.ch/dam/fr/sd-web/AFCHHUqnla-K/schlussbericht-bmi.pdf,reports/openaccess/ch-2020-matthes-gewicht-der-schweiz.pdf,,Switzerland,"Swiss male conscription examinees 2019, 18-21 y",24419,full text read,18,"Tables 8-9: height, BMI, waist, WHtR mean/SD/n by age group; different dataset from the Swiss PMC papers already extracted"
gr-2019-papanikolaou-handball-thesis,"Σχέση μεταξύ ανθρωπομετρικών, ψυχοκινητικών και κινηματικών χαρακτηριστικών με την ευστοχία της ρίψης στη χειροσφαίριση","Relation of anthropometric, psychomotor and kinematic characteristics with throwing accuracy in handball",Greek,Papanikolaou F,2019,"University of Athens, master thesis",,https://pergamos.lib.uoa.gr/uoa/dl/object/2933125/file.pdf,,,,Greece,,,full text read,0,"Excluded: handball players, not military (search false positive); no Greek-language military anthropometric study with statistics was found, only admission standards (mod.mil.gr, geetha.mil.gr)"
