source_id,source_file,page,population,country,population_type,service_role,sex,year_start,measure_key,measure_label,unit_original,mean,sd,n,p5,p50,p95,quality,notes
pt-2018-rosa-brazil-haiti-contingent,reports/openaccess/pt-2018-rosa-brazil-haiti-contingent.pdf,2,"Brazilian Army soldiers, 24th Haiti peacekeeping contingent, pre-training (1st evaluation)",Brazil,military,Army,M,,age,Idade,years,23.2,3.6,192,,,,A,"IPCFEx Rio de Janeiro; internato regime; 14-week TFM study, baseline values used"
pt-2018-rosa-brazil-haiti-contingent,reports/openaccess/pt-2018-rosa-brazil-haiti-contingent.pdf,2,"Brazilian Army soldiers, 24th Haiti peacekeeping contingent, pre-training (1st evaluation)",Brazil,military,Army,M,,mass,MC (massa corporal),kg,75.0,8.8,192,,,,A,"IPCFEx Rio de Janeiro; internato regime; 14-week TFM study, baseline values used"
pt-2018-rosa-brazil-haiti-contingent,reports/openaccess/pt-2018-rosa-brazil-haiti-contingent.pdf,2,"Brazilian Army soldiers, 24th Haiti peacekeeping contingent, pre-training (1st evaluation)",Brazil,military,Army,M,,stature,Estatura,cm,1748.0,60.0,192,,,,A,"IPCFEx Rio de Janeiro; internato regime; 14-week TFM study, baseline values used; from Methods text, not Table 1"
pt-2018-rosa-brazil-haiti-contingent,reports/openaccess/pt-2018-rosa-brazil-haiti-contingent.pdf,2,"Brazilian Army soldiers, 24th Haiti peacekeeping contingent, pre-training (1st evaluation)",Brazil,military,Army,M,,bmi,IMC,kg/m2,24.6,3.3,192,,,,A,"IPCFEx Rio de Janeiro; internato regime; 14-week TFM study, baseline values used"
pt-2018-rosa-brazil-haiti-contingent,reports/openaccess/pt-2018-rosa-brazil-haiti-contingent.pdf,2,"Brazilian Army soldiers, 24th Haiti peacekeeping contingent, pre-training (1st evaluation)",Brazil,military,Army,M,,waist_circumference,CC (circunferencia da cintura),cm,818.0,60.0,192,,,,A,"IPCFEx Rio de Janeiro; internato regime; 14-week TFM study, baseline values used"
pt-2018-rosa-brazil-haiti-contingent,reports/openaccess/pt-2018-rosa-brazil-haiti-contingent.pdf,2,"Brazilian Army soldiers, 24th Haiti peacekeeping contingent, pre-training (1st evaluation)",Brazil,military,Army,M,,other:body_fat_percent,% G,%,13.9,4.0,192,,,,A,"IPCFEx Rio de Janeiro; internato regime; 14-week TFM study, baseline values used; body fat % (unit %)"
pt-2018-pinho-portugal-air-base-11,reports/openaccess/pt-2018-pinho-portugal-air-base-11.pdf,34,"Portuguese Air Force personnel, Base Aerea n.11 (Beja), all",Portugal,military,Air Force,both,2016,age,Idade,years,36.15,10.15,473,,,,A,"MSc thesis IP Beja; 423 M + 50 F; officers 100, sergeants 252, enlisted 121; data collected 2016"
pt-2018-pinho-portugal-air-base-11,reports/openaccess/pt-2018-pinho-portugal-air-base-11.pdf,34,"Portuguese Air Force personnel, Base Aerea n.11 (Beja), all",Portugal,military,Air Force,both,2016,mass,Peso,kg,78.67,12.48,473,,,,A,"MSc thesis IP Beja; 423 M + 50 F; officers 100, sergeants 252, enlisted 121; data collected 2016"
pt-2018-pinho-portugal-air-base-11,reports/openaccess/pt-2018-pinho-portugal-air-base-11.pdf,34,"Portuguese Air Force personnel, Base Aerea n.11 (Beja), all",Portugal,military,Air Force,both,2016,stature,Altura,cm,1743.6,71.9,473,,,,A,"MSc thesis IP Beja; 423 M + 50 F; officers 100, sergeants 252, enlisted 121; data collected 2016"
pt-2018-pinho-portugal-air-base-11,reports/openaccess/pt-2018-pinho-portugal-air-base-11.pdf,34,"Portuguese Air Force personnel, Base Aerea n.11 (Beja), all",Portugal,military,Air Force,both,2016,bmi,IMC,kg/m2,25.81,3.33,473,,,,A,"MSc thesis IP Beja; 423 M + 50 F; officers 100, sergeants 252, enlisted 121; data collected 2016"
pt-2018-pinho-portugal-air-base-11,reports/openaccess/pt-2018-pinho-portugal-air-base-11.pdf,34,"Portuguese Air Force personnel, Base Aerea n.11 (Beja), all",Portugal,military,Air Force,both,2016,waist_circumference,PC (perimetro de cintura),cm,892.9,106.1,473,,,,A,"MSc thesis IP Beja; 423 M + 50 F; officers 100, sergeants 252, enlisted 121; data collected 2016"
pt-2018-pinho-portugal-air-base-11,reports/openaccess/pt-2018-pinho-portugal-air-base-11.pdf,37,"Portuguese Air Force personnel, Base Aerea n.11 (Beja), men",Portugal,military,Air Force,M,2016,mass,Peso,kg,80.56,11.35,423,,,,A,Table 13 by sex
pt-2018-pinho-portugal-air-base-11,reports/openaccess/pt-2018-pinho-portugal-air-base-11.pdf,37,"Portuguese Air Force personnel, Base Aerea n.11 (Beja), men",Portugal,military,Air Force,M,2016,stature,Altura,cm,1754.3,65.1,423,,,,A,Table 13 by sex
pt-2018-pinho-portugal-air-base-11,reports/openaccess/pt-2018-pinho-portugal-air-base-11.pdf,37,"Portuguese Air Force personnel, Base Aerea n.11 (Beja), men",Portugal,military,Air Force,M,2016,bmi,IMC,kg/m2,26.14,3.18,423,,,,A,Table 13 by sex
pt-2018-pinho-portugal-air-base-11,reports/openaccess/pt-2018-pinho-portugal-air-base-11.pdf,37,"Portuguese Air Force personnel, Base Aerea n.11 (Beja), women",Portugal,military,Air Force,F,2016,mass,Peso,kg,62.7,9.92,50,,,,A,Table 13 by sex
pt-2018-pinho-portugal-air-base-11,reports/openaccess/pt-2018-pinho-portugal-air-base-11.pdf,37,"Portuguese Air Force personnel, Base Aerea n.11 (Beja), women",Portugal,military,Air Force,F,2016,stature,Altura,cm,1652.8,62.1,50,,,,A,Table 13 by sex
pt-2018-pinho-portugal-air-base-11,reports/openaccess/pt-2018-pinho-portugal-air-base-11.pdf,37,"Portuguese Air Force personnel, Base Aerea n.11 (Beja), women",Portugal,military,Air Force,F,2016,bmi,IMC,kg/m2,22.96,3.23,50,,,,A,Table 13 by sex
pt-2018-almeida-brazil-aman-cadets,reports/openaccess/pt-2018-almeida-brazil-aman-cadets.pdf,4,"AMAN (Academia Militar das Agulhas Negras) Basic Course cadets, census Feb 2018",Brazil,military,Cadets,both,2018,mass,MC (massa corporal),kg,72.95,9.86,441,,,,A,"SEGeT 2018 conference paper; whole Basic Course (441 cadets, both sexes pooled, mostly male)"
pt-2018-almeida-brazil-aman-cadets,reports/openaccess/pt-2018-almeida-brazil-aman-cadets.pdf,4,"AMAN (Academia Militar das Agulhas Negras) Basic Course cadets, census Feb 2018",Brazil,military,Cadets,both,2018,stature,EST (estatura),m,1750.0,70.0,441,,,,A,"SEGeT 2018 conference paper; whole Basic Course (441 cadets, both sexes pooled, mostly male)"
pt-2018-almeida-brazil-aman-cadets,reports/openaccess/pt-2018-almeida-brazil-aman-cadets.pdf,4,"AMAN (Academia Militar das Agulhas Negras) Basic Course cadets, census Feb 2018",Brazil,military,Cadets,both,2018,other:abdominal_or_waist_circumference,CABDO e CCINT,cm,822.9,74.4,441,,,,A,"SEGeT 2018 conference paper; whole Basic Course (441 cadets, both sexes pooled, mostly male); abdominal circumference at umbilicus for men, waist (narrowest) for women, pooled"
pt-2018-almeida-brazil-aman-cadets,reports/openaccess/pt-2018-almeida-brazil-aman-cadets.pdf,4,"AMAN (Academia Militar das Agulhas Negras) Basic Course cadets, census Feb 2018",Brazil,military,Cadets,both,2018,other:body_fat_percent,Percentual de gordura,%,17.61,4.55,441,,,,A,"SEGeT 2018 conference paper; whole Basic Course (441 cadets, both sexes pooled, mostly male); estimated from EB manual equations, unit %"
es-2021-cubides-colombia-army-schools,reports/openaccess/es-2021-cubides-colombia-army-schools.pdf,8,"ESMIC (Escuela Militar de Cadetes) students, Colombian Army",Colombia,military,Cadets,M,,age,Edad promedio,years,22.0,1.3,40,,,,A,Rev Cient Gen Jose Maria Cordova 19(34) 2021; 40 male students per school
es-2021-cubides-colombia-army-schools,reports/openaccess/es-2021-cubides-colombia-army-schools.pdf,8,"ESMIC (Escuela Militar de Cadetes) students, Colombian Army",Colombia,military,Cadets,M,,mass,Peso promedio,kg,69.01,8.2,40,,,,A,Rev Cient Gen Jose Maria Cordova 19(34) 2021; 40 male students per school
es-2021-cubides-colombia-army-schools,reports/openaccess/es-2021-cubides-colombia-army-schools.pdf,8,"ESMIC (Escuela Militar de Cadetes) students, Colombian Army",Colombia,military,Cadets,M,,stature,Altura promedio,m,1710.0,60.0,40,,,,A,Rev Cient Gen Jose Maria Cordova 19(34) 2021; 40 male students per school
es-2021-cubides-colombia-army-schools,reports/openaccess/es-2021-cubides-colombia-army-schools.pdf,8,"ESMIC (Escuela Militar de Cadetes) students, Colombian Army",Colombia,military,Cadets,M,,waist_circumference,Circunferencia de cintura,cm,804.0,59.0,40,,,,A,Rev Cient Gen Jose Maria Cordova 19(34) 2021; 40 male students per school
es-2021-cubides-colombia-army-schools,reports/openaccess/es-2021-cubides-colombia-army-schools.pdf,8,"ESMIC (Escuela Militar de Cadetes) students, Colombian Army",Colombia,military,Cadets,M,,bmi,IMC,kg/m2,23.5,2.3,40,,,,A,Rev Cient Gen Jose Maria Cordova 19(34) 2021; 40 male students per school; SD from Table 2
es-2021-cubides-colombia-army-schools,reports/openaccess/es-2021-cubides-colombia-army-schools.pdf,8,"EMSUB (Escuela Militar de Suboficiales) students, Colombian Army",Colombia,military,Recruits/trainees,M,,age,Edad promedio,years,21.0,1.7,40,,,,A,Rev Cient Gen Jose Maria Cordova 19(34) 2021; 40 male students per school
es-2021-cubides-colombia-army-schools,reports/openaccess/es-2021-cubides-colombia-army-schools.pdf,8,"EMSUB (Escuela Militar de Suboficiales) students, Colombian Army",Colombia,military,Recruits/trainees,M,,mass,Peso promedio,kg,64.61,8.0,40,,,,A,Rev Cient Gen Jose Maria Cordova 19(34) 2021; 40 male students per school
es-2021-cubides-colombia-army-schools,reports/openaccess/es-2021-cubides-colombia-army-schools.pdf,8,"EMSUB (Escuela Militar de Suboficiales) students, Colombian Army",Colombia,military,Recruits/trainees,M,,stature,Altura promedio,m,1650.0,60.0,40,,,,A,Rev Cient Gen Jose Maria Cordova 19(34) 2021; 40 male students per school
es-2021-cubides-colombia-army-schools,reports/openaccess/es-2021-cubides-colombia-army-schools.pdf,8,"EMSUB (Escuela Militar de Suboficiales) students, Colombian Army",Colombia,military,Recruits/trainees,M,,waist_circumference,Circunferencia de cintura,cm,792.0,59.0,40,,,,A,Rev Cient Gen Jose Maria Cordova 19(34) 2021; 40 male students per school
es-2021-cubides-colombia-army-schools,reports/openaccess/es-2021-cubides-colombia-army-schools.pdf,8,"EMSUB (Escuela Militar de Suboficiales) students, Colombian Army",Colombia,military,Recruits/trainees,M,,bmi,IMC,kg/m2,23.7,2.6,40,,,,A,Rev Cient Gen Jose Maria Cordova 19(34) 2021; 40 male students per school; SD from Table 2
es-2021-cubides-colombia-army-schools,reports/openaccess/es-2021-cubides-colombia-army-schools.pdf,8,"ESPRO (Escuela de Soldados Profesionales) students, Colombian Army",Colombia,military,Recruits/trainees,M,,age,Edad promedio,years,21.0,1.3,40,,,,A,Rev Cient Gen Jose Maria Cordova 19(34) 2021; 40 male students per school
es-2021-cubides-colombia-army-schools,reports/openaccess/es-2021-cubides-colombia-army-schools.pdf,8,"ESPRO (Escuela de Soldados Profesionales) students, Colombian Army",Colombia,military,Recruits/trainees,M,,mass,Peso promedio,kg,65.2,6.1,40,,,,A,Rev Cient Gen Jose Maria Cordova 19(34) 2021; 40 male students per school
es-2021-cubides-colombia-army-schools,reports/openaccess/es-2021-cubides-colombia-army-schools.pdf,8,"ESPRO (Escuela de Soldados Profesionales) students, Colombian Army",Colombia,military,Recruits/trainees,M,,stature,Altura promedio,m,1690.0,70.0,40,,,,A,Rev Cient Gen Jose Maria Cordova 19(34) 2021; 40 male students per school
es-2021-cubides-colombia-army-schools,reports/openaccess/es-2021-cubides-colombia-army-schools.pdf,8,"ESPRO (Escuela de Soldados Profesionales) students, Colombian Army",Colombia,military,Recruits/trainees,M,,waist_circumference,Circunferencia de cintura,cm,764.0,37.0,40,,,,A,Rev Cient Gen Jose Maria Cordova 19(34) 2021; 40 male students per school
es-2021-cubides-colombia-army-schools,reports/openaccess/es-2021-cubides-colombia-army-schools.pdf,8,"ESPRO (Escuela de Soldados Profesionales) students, Colombian Army",Colombia,military,Recruits/trainees,M,,bmi,IMC,kg/m2,22.4,1.3,40,,,,A,Rev Cient Gen Jose Maria Cordova 19(34) 2021; 40 male students per school; SD from Table 2
es-2023-umbarila-colombia-army-officers,reports/openaccess/es-2023-umbarila-colombia-army-officers.pdf,5,"Colombian Army senior officers (MY, TC, CR)",Colombia,military,Officers,both,,age,Edad,years,39.58,3.84,26,,,,A,Rev Salud Uninorte 39(1) 2023; 25 of 26 male
es-2023-umbarila-colombia-army-officers,reports/openaccess/es-2023-umbarila-colombia-army-officers.pdf,5,"Colombian Army senior officers (MY, TC, CR)",Colombia,military,Officers,both,,stature,Altura,cm,1733.5,70.9,26,,,,A,Rev Salud Uninorte 39(1) 2023; 25 of 26 male; column headed 'Altura m' but values printed in cm
es-2023-umbarila-colombia-army-officers,reports/openaccess/es-2023-umbarila-colombia-army-officers.pdf,5,"Colombian Army senior officers (MY, TC, CR)",Colombia,military,Officers,both,,mass,Peso,kg,80.12,9.38,26,,,,A,Rev Salud Uninorte 39(1) 2023; 25 of 26 male
es-2023-umbarila-colombia-army-officers,reports/openaccess/es-2023-umbarila-colombia-army-officers.pdf,5,"Colombian Army senior officers (MY, TC, CR)",Colombia,military,Officers,both,,other:body_fat_percent,Masa grasa %,%,19.55,5.01,26,,,,A,"Rev Salud Uninorte 39(1) 2023; 25 of 26 male; bioimpedance, unit %"
es-2023-umbarila-colombia-army-officers,reports/openaccess/es-2023-umbarila-colombia-army-officers.pdf,5,"Colombian Army junior officers (ST, TE, CT)",Colombia,military,Officers,both,,age,Edad,years,28.25,2.95,55,,,,A,Rev Salud Uninorte 39(1) 2023; 51 of 55 male
es-2023-umbarila-colombia-army-officers,reports/openaccess/es-2023-umbarila-colombia-army-officers.pdf,5,"Colombian Army junior officers (ST, TE, CT)",Colombia,military,Officers,both,,stature,Altura,cm,1725.5,68.0,55,,,,A,Rev Salud Uninorte 39(1) 2023; 51 of 55 male; column headed 'Altura m' but values printed in cm
es-2023-umbarila-colombia-army-officers,reports/openaccess/es-2023-umbarila-colombia-army-officers.pdf,5,"Colombian Army junior officers (ST, TE, CT)",Colombia,military,Officers,both,,mass,Peso,kg,78.7,0.14,55,,,,A,Rev Salud Uninorte 39(1) 2023; 51 of 55 male; SD printed as 0.14 (probably a typo in the paper) - use with caution
es-2023-umbarila-colombia-army-officers,reports/openaccess/es-2023-umbarila-colombia-army-officers.pdf,5,"Colombian Army junior officers (ST, TE, CT)",Colombia,military,Officers,both,,other:body_fat_percent,Masa grasa %,%,18.51,5.51,55,,,,A,"Rev Salud Uninorte 39(1) 2023; 51 of 55 male; bioimpedance, unit %"
es-2018-cortes-colombia-combat-course,reports/openaccess/es-2018-cortes-colombia-combat-course.pdf,5,"Colombian Army alfereces (7th level cadets, Compania Cordova) before Advanced Combat Course",Colombia,military,Cadets,M,2015,age,Edad promedio,years,20.0,1.48,72,,,,A,Rev Cient Gen Jose Maria Cordova 16(22) 2018; first semester 2015
es-2018-cortes-colombia-combat-course,reports/openaccess/es-2018-cortes-colombia-combat-course.pdf,5,"Colombian Army alfereces (7th level cadets, Compania Cordova) before Advanced Combat Course",Colombia,military,Cadets,M,2015,mass,Peso,kg,72.2,7.99,72,,,,A,Rev Cient Gen Jose Maria Cordova 16(22) 2018; first semester 2015; Table 2 pre-course value (Table 1 prints 72.28 +/- 7.98)
es-2018-cortes-colombia-combat-course,reports/openaccess/es-2018-cortes-colombia-combat-course.pdf,5,"Colombian Army alfereces (7th level cadets, Compania Cordova) before Advanced Combat Course",Colombia,military,Cadets,M,2015,stature,Estatura promedio,m,1720.0,,72,,,,A,Rev Cient Gen Jose Maria Cordova 16(22) 2018; first semester 2015; SD printed as +/-5.52 next to a mean in m (unit inconsistent) so SD omitted
es-2018-cortes-colombia-combat-course,reports/openaccess/es-2018-cortes-colombia-combat-course.pdf,5,"Colombian Army alfereces (7th level cadets, Compania Cordova) before Advanced Combat Course",Colombia,military,Cadets,M,2015,bmi,IMC,kg/m2,24.4,2.22,72,,,,A,Rev Cient Gen Jose Maria Cordova 16(22) 2018; first semester 2015
es-2018-cortes-colombia-combat-course,reports/openaccess/es-2018-cortes-colombia-combat-course.pdf,5,"Colombian Army alfereces (7th level cadets, Compania Cordova) before Advanced Combat Course",Colombia,military,Cadets,M,2015,other:body_fat_percent,Porcentaje graso,%,8.58,3.12,72,,,,A,"Rev Cient Gen Jose Maria Cordova 16(22) 2018; first semester 2015; Tanita bioimpedance, unit %"
es-2015-castaneda-colombia-esmic-cadets,reports/openaccess/es-2015-castaneda-colombia-esmic-cadets.pdf,5,"ESMIC cadets and alfereces, Colombian Army military academy",Colombia,military,Cadets,M,,mass,Masa corporal,kg,68.33,8.75,51,,,,A,Rev Cient Gen Jose Maria Cordova 13(15) 2015; ISAK level II anthropometrist; age 19.45 y mean (SD not printed)
es-2015-castaneda-colombia-esmic-cadets,reports/openaccess/es-2015-castaneda-colombia-esmic-cadets.pdf,5,"ESMIC cadets and alfereces, Colombian Army military academy",Colombia,military,Cadets,M,,stature,Estatura,cm,1726.0,56.8,51,,,,A,Rev Cient Gen Jose Maria Cordova 13(15) 2015; ISAK level II anthropometrist; age 19.45 y mean (SD not printed)
es-2015-castaneda-colombia-esmic-cadets,reports/openaccess/es-2015-castaneda-colombia-esmic-cadets.pdf,5,"ESMIC cadets and alfereces, Colombian Army military academy",Colombia,military,Cadets,M,,bmi,IMC,kg/m2,22.9,2.25,51,,,,A,Rev Cient Gen Jose Maria Cordova 13(15) 2015; ISAK level II anthropometrist; age 19.45 y mean (SD not printed)
es-2015-castaneda-colombia-esmic-cadets,reports/openaccess/es-2015-castaneda-colombia-esmic-cadets.pdf,5,"ESMIC cadets and alfereces, Colombian Army military academy",Colombia,military,Cadets,M,,other:skinfold_triceps,Pliegue triceps,mm,9.69,3.08,51,,,,A,Rev Cient Gen Jose Maria Cordova 13(15) 2015; ISAK level II anthropometrist; age 19.45 y mean (SD not printed)
es-2015-castaneda-colombia-esmic-cadets,reports/openaccess/es-2015-castaneda-colombia-esmic-cadets.pdf,5,"ESMIC cadets and alfereces, Colombian Army military academy",Colombia,military,Cadets,M,,other:skinfold_subscapular,Pliegue subescapular,mm,10.9,3.14,51,,,,A,Rev Cient Gen Jose Maria Cordova 13(15) 2015; ISAK level II anthropometrist; age 19.45 y mean (SD not printed)
es-2015-castaneda-colombia-esmic-cadets,reports/openaccess/es-2015-castaneda-colombia-esmic-cadets.pdf,5,"ESMIC cadets and alfereces, Colombian Army military academy",Colombia,military,Cadets,M,,other:skinfold_iliac_crest,Pliegue cresta iliaca,mm,16.6,6.4,51,,,,A,Rev Cient Gen Jose Maria Cordova 13(15) 2015; ISAK level II anthropometrist; age 19.45 y mean (SD not printed)
es-2015-castaneda-colombia-esmic-cadets,reports/openaccess/es-2015-castaneda-colombia-esmic-cadets.pdf,5,"ESMIC cadets and alfereces, Colombian Army military academy",Colombia,military,Cadets,M,,other:skinfold_supraspinale,Pliegue supra espinal,mm,9.3,4.38,51,,,,A,Rev Cient Gen Jose Maria Cordova 13(15) 2015; ISAK level II anthropometrist; age 19.45 y mean (SD not printed)
es-2015-castaneda-colombia-esmic-cadets,reports/openaccess/es-2015-castaneda-colombia-esmic-cadets.pdf,5,"ESMIC cadets and alfereces, Colombian Army military academy",Colombia,military,Cadets,M,,other:skinfold_abdominal,Pliegue abdominal,mm,16.7,7.88,51,,,,A,Rev Cient Gen Jose Maria Cordova 13(15) 2015; ISAK level II anthropometrist; age 19.45 y mean (SD not printed)
es-2015-castaneda-colombia-esmic-cadets,reports/openaccess/es-2015-castaneda-colombia-esmic-cadets.pdf,5,"ESMIC cadets and alfereces, Colombian Army military academy",Colombia,military,Cadets,M,,other:skinfold_front_thigh,Pliegue muslo frontal,mm,12.1,4.65,51,,,,A,Rev Cient Gen Jose Maria Cordova 13(15) 2015; ISAK level II anthropometrist; age 19.45 y mean (SD not printed)
es-2015-castaneda-colombia-esmic-cadets,reports/openaccess/es-2015-castaneda-colombia-esmic-cadets.pdf,5,"ESMIC cadets and alfereces, Colombian Army military academy",Colombia,military,Cadets,M,,other:skinfold_medial_calf,Pliegue pantorrilla medial,mm,8.9,4.84,51,,,,A,Rev Cient Gen Jose Maria Cordova 13(15) 2015; ISAK level II anthropometrist; age 19.45 y mean (SD not printed)
es-2015-castaneda-colombia-esmic-cadets,reports/openaccess/es-2015-castaneda-colombia-esmic-cadets.pdf,5,"ESMIC cadets and alfereces, Colombian Army military academy",Colombia,military,Cadets,M,,biceps_circumference_flexed,Perimetro brazo en tension,cm,326.0,22.4,51,,,,A,Rev Cient Gen Jose Maria Cordova 13(15) 2015; ISAK level II anthropometrist; age 19.45 y mean (SD not printed)
es-2015-castaneda-colombia-esmic-cadets,reports/openaccess/es-2015-castaneda-colombia-esmic-cadets.pdf,5,"ESMIC cadets and alfereces, Colombian Army military academy",Colombia,military,Cadets,M,,waist_circumference,Perimetro cintura,cm,786.0,42.2,51,,,,A,Rev Cient Gen Jose Maria Cordova 13(15) 2015; ISAK level II anthropometrist; age 19.45 y mean (SD not printed)
es-2015-castaneda-colombia-esmic-cadets,reports/openaccess/es-2015-castaneda-colombia-esmic-cadets.pdf,5,"ESMIC cadets and alfereces, Colombian Army military academy",Colombia,military,Cadets,M,,calf_circumference,Perimetro pantorrilla,cm,370.0,26.0,51,,,,A,Rev Cient Gen Jose Maria Cordova 13(15) 2015; ISAK level II anthropometrist; age 19.45 y mean (SD not printed)
es-2015-castaneda-colombia-esmic-cadets,reports/openaccess/es-2015-castaneda-colombia-esmic-cadets.pdf,5,"ESMIC cadets and alfereces, Colombian Army military academy",Colombia,military,Cadets,M,,other:humerus_breadth,Diametro humero,cm,69.0,3.7,51,,,,A,Rev Cient Gen Jose Maria Cordova 13(15) 2015; ISAK level II anthropometrist; age 19.45 y mean (SD not printed)
es-2015-castaneda-colombia-esmic-cadets,reports/openaccess/es-2015-castaneda-colombia-esmic-cadets.pdf,5,"ESMIC cadets and alfereces, Colombian Army military academy",Colombia,military,Cadets,M,,other:femur_breadth,Diametro femoral,cm,97.0,5.2,51,,,,A,Rev Cient Gen Jose Maria Cordova 13(15) 2015; ISAK level II anthropometrist; age 19.45 y mean (SD not printed)
es-2015-castaneda-colombia-esmic-cadets,reports/openaccess/es-2015-castaneda-colombia-esmic-cadets.pdf,5,"ESMIC cadets and alfereces, Colombian Army military academy",Colombia,military,Cadets,M,,other:wrist_breadth,Diametro muneca,cm,57.0,3.2,51,,,,A,Rev Cient Gen Jose Maria Cordova 13(15) 2015; ISAK level II anthropometrist; age 19.45 y mean (SD not printed)
es-2013-pachon-colombia-esmic-cadets-smoking,reports/openaccess/es-2013-pachon-colombia-esmic-cadets-smoking.pdf,6,"ESMIC cadets, 2nd cohort 2012, Colombian Army military academy",Colombia,military,Cadets,both,2012,age,Edad,years,19.0,1.0,69,,,,A,Table prints means only (no SD); sex of cadets not stated (both assumed)
es-2013-pachon-colombia-esmic-cadets-smoking,reports/openaccess/es-2013-pachon-colombia-esmic-cadets-smoking.pdf,6,"ESMIC cadets, 2nd cohort 2012, Colombian Army military academy",Colombia,military,Cadets,both,2012,mass,Peso,kg,65.9,,69,,,,A,Table prints means only (no SD); sex of cadets not stated (both assumed)
es-2013-pachon-colombia-esmic-cadets-smoking,reports/openaccess/es-2013-pachon-colombia-esmic-cadets-smoking.pdf,6,"ESMIC cadets, 2nd cohort 2012, Colombian Army military academy",Colombia,military,Cadets,both,2012,stature,Talla,m,1720.0,,69,,,,A,Table prints means only (no SD); sex of cadets not stated (both assumed)
es-2013-pachon-colombia-esmic-cadets-smoking,reports/openaccess/es-2013-pachon-colombia-esmic-cadets-smoking.pdf,6,"ESMIC cadets, 2nd cohort 2012, Colombian Army military academy",Colombia,military,Cadets,both,2012,sitting_height,Talla sentado,cm,898.0,,69,,,,A,Table prints means only (no SD); sex of cadets not stated (both assumed)
es-2013-pachon-colombia-esmic-cadets-smoking,reports/openaccess/es-2013-pachon-colombia-esmic-cadets-smoking.pdf,6,"ESMIC cadets, 2nd cohort 2012, Colombian Army military academy",Colombia,military,Cadets,both,2012,other:abdominal_circumference,Perimetro abdomen,cm,756.0,,69,,,,A,Table prints means only (no SD); sex of cadets not stated (both assumed)
es-2013-pachon-colombia-esmic-cadets-smoking,reports/openaccess/es-2013-pachon-colombia-esmic-cadets-smoking.pdf,6,"ESMIC cadets, 2nd cohort 2012, Colombian Army military academy",Colombia,military,Cadets,both,2012,buttock_circumference,Perimetro cadera,cm,928.0,,69,,,,A,Table prints means only (no SD); sex of cadets not stated (both assumed)
es-2013-pachon-colombia-esmic-cadets-smoking,reports/openaccess/es-2013-pachon-colombia-esmic-cadets-smoking.pdf,6,"ESMIC cadets, 2nd cohort 2012, Colombian Army military academy",Colombia,military,Cadets,both,2012,biceps_circumference_flexed,Perimetro brazo contraido,cm,301.0,,69,,,,A,Table prints means only (no SD); sex of cadets not stated (both assumed)
es-2013-pachon-colombia-esmic-cadets-smoking,reports/openaccess/es-2013-pachon-colombia-esmic-cadets-smoking.pdf,6,"ESMIC cadets, 2nd cohort 2012, Colombian Army military academy",Colombia,military,Cadets,both,2012,other:arm_circumference_relaxed,Perimetro brazo relajado,cm,259.0,,69,,,,A,Table prints means only (no SD); sex of cadets not stated (both assumed)
es-2017-maldonado-ecuador-esforse-soldiers,reports/openaccess/es-2017-maldonado-ecuador-esforse-soldiers.pdf,5,"Ecuadorian Army soldier-school (ESFORSE) male aspirants, 19-24 y",Ecuador,military,Recruits/trainees,M,,age,Edad,years,19.6,1.88,153,,,,A,"Rev Cubana Invest Biomed 36(2) 2017; ESFORSE soldier-school aspirants; Table 2 has internal inconsistencies for several rows (means outside min-max, implausible SDs) so only rows with plausible mean/SD/min/max were kept"
es-2017-maldonado-ecuador-esforse-soldiers,reports/openaccess/es-2017-maldonado-ecuador-esforse-soldiers.pdf,5,"Ecuadorian Army soldier-school (ESFORSE) male aspirants, 19-24 y",Ecuador,military,Recruits/trainees,M,,mass,Body weight,kg,64.51,5.69,153,,,,A,"Rev Cubana Invest Biomed 36(2) 2017; ESFORSE soldier-school aspirants; Table 2 has internal inconsistencies for several rows (means outside min-max, implausible SDs) so only rows with plausible mean/SD/min/max were kept; text gives SD 5.59, Table 2 gives 5.69"
es-2017-maldonado-ecuador-esforse-soldiers,reports/openaccess/es-2017-maldonado-ecuador-esforse-soldiers.pdf,5,"Ecuadorian Army soldier-school (ESFORSE) male aspirants, 19-24 y",Ecuador,military,Recruits/trainees,M,,stature,Height,cm,1688.6,44.4,153,,,,A,"Rev Cubana Invest Biomed 36(2) 2017; ESFORSE soldier-school aspirants; Table 2 has internal inconsistencies for several rows (means outside min-max, implausible SDs) so only rows with plausible mean/SD/min/max were kept"
es-2017-maldonado-ecuador-esforse-soldiers,reports/openaccess/es-2017-maldonado-ecuador-esforse-soldiers.pdf,5,"Ecuadorian Army soldier-school (ESFORSE) male aspirants, 19-24 y",Ecuador,military,Recruits/trainees,M,,bmi,IMC,kg/m2,22.73,2.76,153,,,,A,"Rev Cubana Invest Biomed 36(2) 2017; ESFORSE soldier-school aspirants; Table 2 has internal inconsistencies for several rows (means outside min-max, implausible SDs) so only rows with plausible mean/SD/min/max were kept"
es-2017-maldonado-ecuador-esforse-soldiers,reports/openaccess/es-2017-maldonado-ecuador-esforse-soldiers.pdf,5,"Ecuadorian Army soldier-school (ESFORSE) male aspirants, 19-24 y",Ecuador,military,Recruits/trainees,M,,hand_length,Hand length,cm,194.3,15.6,153,,,,A,"Rev Cubana Invest Biomed 36(2) 2017; ESFORSE soldier-school aspirants; Table 2 has internal inconsistencies for several rows (means outside min-max, implausible SDs) so only rows with plausible mean/SD/min/max were kept"
es-2017-maldonado-ecuador-esforse-soldiers,reports/openaccess/es-2017-maldonado-ecuador-esforse-soldiers.pdf,5,"Ecuadorian Army soldier-school (ESFORSE) male aspirants, 19-24 y",Ecuador,military,Recruits/trainees,M,,foot_length,Foot length,cm,254.2,15.7,153,,,,A,"Rev Cubana Invest Biomed 36(2) 2017; ESFORSE soldier-school aspirants; Table 2 has internal inconsistencies for several rows (means outside min-max, implausible SDs) so only rows with plausible mean/SD/min/max were kept"
es-2017-maldonado-ecuador-esforse-soldiers,reports/openaccess/es-2017-maldonado-ecuador-esforse-soldiers.pdf,5,"Ecuadorian Army soldier-school (ESFORSE) male aspirants, 19-24 y",Ecuador,military,Recruits/trainees,M,,ankle_circumference,Ankle circumference,cm,240.1,12.8,153,,,,A,"Rev Cubana Invest Biomed 36(2) 2017; ESFORSE soldier-school aspirants; Table 2 has internal inconsistencies for several rows (means outside min-max, implausible SDs) so only rows with plausible mean/SD/min/max were kept"
es-2017-maldonado-ecuador-esforse-soldiers,reports/openaccess/es-2017-maldonado-ecuador-esforse-soldiers.pdf,5,"Ecuadorian Army soldier-school (ESFORSE) male aspirants, 19-24 y",Ecuador,military,Recruits/trainees,M,,neck_circumference,Neck circumference,cm,380.9,20.9,153,,,,A,"Rev Cubana Invest Biomed 36(2) 2017; ESFORSE soldier-school aspirants; Table 2 has internal inconsistencies for several rows (means outside min-max, implausible SDs) so only rows with plausible mean/SD/min/max were kept"
es-2017-maldonado-ecuador-esforse-soldiers,reports/openaccess/es-2017-maldonado-ecuador-esforse-soldiers.pdf,5,"Ecuadorian Army soldier-school (ESFORSE) male aspirants, 19-24 y",Ecuador,military,Recruits/trainees,M,,chest_circumference,Chest circumference,cm,943.0,73.6,153,,,,A,"Rev Cubana Invest Biomed 36(2) 2017; ESFORSE soldier-school aspirants; Table 2 has internal inconsistencies for several rows (means outside min-max, implausible SDs) so only rows with plausible mean/SD/min/max were kept"
es-2017-maldonado-ecuador-esforse-soldiers,reports/openaccess/es-2017-maldonado-ecuador-esforse-soldiers.pdf,5,"Ecuadorian Army soldier-school (ESFORSE) male aspirants, 19-24 y",Ecuador,military,Recruits/trainees,M,,waist_circumference,Waist circumference,cm,842.7,44.1,153,,,,A,"Rev Cubana Invest Biomed 36(2) 2017; ESFORSE soldier-school aspirants; Table 2 has internal inconsistencies for several rows (means outside min-max, implausible SDs) so only rows with plausible mean/SD/min/max were kept"
es-2017-maldonado-ecuador-esforse-soldiers,reports/openaccess/es-2017-maldonado-ecuador-esforse-soldiers.pdf,5,"Ecuadorian Army soldier-school (ESFORSE) male aspirants, 19-24 y",Ecuador,military,Recruits/trainees,M,,forearm_circumference_flexed,Forearm circumference,cm,254.4,19.2,153,,,,A,"Rev Cubana Invest Biomed 36(2) 2017; ESFORSE soldier-school aspirants; Table 2 has internal inconsistencies for several rows (means outside min-max, implausible SDs) so only rows with plausible mean/SD/min/max were kept; flexed/relaxed not stated"
es-2017-maldonado-ecuador-esforse-soldiers,reports/openaccess/es-2017-maldonado-ecuador-esforse-soldiers.pdf,5,"Ecuadorian Army soldier-school (ESFORSE) male aspirants, 19-24 y",Ecuador,military,Recruits/trainees,M,,wrist_circumference,Wrist circumference,cm,171.2,13.0,153,,,,A,"Rev Cubana Invest Biomed 36(2) 2017; ESFORSE soldier-school aspirants; Table 2 has internal inconsistencies for several rows (means outside min-max, implausible SDs) so only rows with plausible mean/SD/min/max were kept"
es-2017-maldonado-ecuador-esforse-soldiers,reports/openaccess/es-2017-maldonado-ecuador-esforse-soldiers.pdf,5,"Ecuadorian Army soldier-school (ESFORSE) male aspirants, 19-24 y",Ecuador,military,Recruits/trainees,M,,thigh_circumference,Thigh circumference,cm,558.9,26.0,153,,,,A,"Rev Cubana Invest Biomed 36(2) 2017; ESFORSE soldier-school aspirants; Table 2 has internal inconsistencies for several rows (means outside min-max, implausible SDs) so only rows with plausible mean/SD/min/max were kept"
es-2017-maldonado-ecuador-esforse-soldiers,reports/openaccess/es-2017-maldonado-ecuador-esforse-soldiers.pdf,5,"Ecuadorian Army soldier-school (ESFORSE) male aspirants, 19-24 y",Ecuador,military,Recruits/trainees,M,,buttock_circumference,Hip circumference,cm,958.6,47.6,153,,,,A,"Rev Cubana Invest Biomed 36(2) 2017; ESFORSE soldier-school aspirants; Table 2 has internal inconsistencies for several rows (means outside min-max, implausible SDs) so only rows with plausible mean/SD/min/max were kept"
es-2017-maldonado-ecuador-esforse-soldiers,reports/openaccess/es-2017-maldonado-ecuador-esforse-soldiers.pdf,5,"Ecuadorian Army soldier-school (ESFORSE) male aspirants, 19-24 y",Ecuador,military,Recruits/trainees,M,,biacromial_breadth,Biacromial shoulder width,cm,392.7,19.6,153,,,,A,"Rev Cubana Invest Biomed 36(2) 2017; ESFORSE soldier-school aspirants; Table 2 has internal inconsistencies for several rows (means outside min-max, implausible SDs) so only rows with plausible mean/SD/min/max were kept"
es-2017-maldonado-ecuador-esforse-soldiers,reports/openaccess/es-2017-maldonado-ecuador-esforse-soldiers.pdf,5,"Ecuadorian Army soldier-school (ESFORSE) male aspirants, 19-24 y",Ecuador,military,Recruits/trainees,M,,bideltoid_breadth,Bideltoid (shoulder) width,cm,437.6,23.5,153,,,,A,"Rev Cubana Invest Biomed 36(2) 2017; ESFORSE soldier-school aspirants; Table 2 has internal inconsistencies for several rows (means outside min-max, implausible SDs) so only rows with plausible mean/SD/min/max were kept"
es-2017-maldonado-ecuador-esforse-soldiers,reports/openaccess/es-2017-maldonado-ecuador-esforse-soldiers.pdf,5,"Ecuadorian Army soldier-school (ESFORSE) male aspirants, 19-24 y",Ecuador,military,Recruits/trainees,M,,other:hip_breadth_standing,Hips width,cm,322.8,28.6,153,,,,A,"Rev Cubana Invest Biomed 36(2) 2017; ESFORSE soldier-school aspirants; Table 2 has internal inconsistencies for several rows (means outside min-max, implausible SDs) so only rows with plausible mean/SD/min/max were kept"
es-2017-maldonado-ecuador-esforse-soldiers,reports/openaccess/es-2017-maldonado-ecuador-esforse-soldiers.pdf,5,"Ecuadorian Army soldier-school (ESFORSE) male aspirants, 19-24 y",Ecuador,military,Recruits/trainees,M,,other:shoulder_wrist_length,Shoulder-wrist length,cm,528.0,34.8,153,,,,A,"Rev Cubana Invest Biomed 36(2) 2017; ESFORSE soldier-school aspirants; Table 2 has internal inconsistencies for several rows (means outside min-max, implausible SDs) so only rows with plausible mean/SD/min/max were kept"
es-2017-maldonado-ecuador-esforse-soldiers,reports/openaccess/es-2017-maldonado-ecuador-esforse-soldiers.pdf,5,"Ecuadorian Army soldier-school (ESFORSE) male aspirants, 19-24 y",Ecuador,military,Recruits/trainees,M,,other:arm_length,Arm length,cm,720.7,49.8,153,,,,A,"Rev Cubana Invest Biomed 36(2) 2017; ESFORSE soldier-school aspirants; Table 2 has internal inconsistencies for several rows (means outside min-max, implausible SDs) so only rows with plausible mean/SD/min/max were kept; definition not given"
es-2021-barraza-chile-conscripts-training,reports/openaccess/es-2021-barraza-chile-conscripts-training.pdf,7,Chilean conscript soldiers entering basic military training (pre-training),Chile,military,Recruits/trainees,M,,age,Edad,years,18.9,0.9,28,,,,B,"Rev Cubana Med Militar 50(1) 2021 e02101070; Table 1 is an image, OCR checked (BMI = 67.04/1.73^2 = 22.4 ok); ISAK protocol; pre-intervention values only; from abstract text"
es-2021-barraza-chile-conscripts-training,reports/openaccess/es-2021-barraza-chile-conscripts-training.pdf,7,Chilean conscript soldiers entering basic military training (pre-training),Chile,military,Recruits/trainees,M,,mass,Peso Corporal,kg,67.04,8.67,28,,,,B,"Rev Cubana Med Militar 50(1) 2021 e02101070; Table 1 is an image, OCR checked (BMI = 67.04/1.73^2 = 22.4 ok); ISAK protocol; pre-intervention values only"
es-2021-barraza-chile-conscripts-training,reports/openaccess/es-2021-barraza-chile-conscripts-training.pdf,7,Chilean conscript soldiers entering basic military training (pre-training),Chile,military,Recruits/trainees,M,,stature,Estatura,cm,1730.0,35.0,28,,,,B,"Rev Cubana Med Militar 50(1) 2021 e02101070; Table 1 is an image, OCR checked (BMI = 67.04/1.73^2 = 22.4 ok); ISAK protocol; pre-intervention values only"
es-2021-barraza-chile-conscripts-training,reports/openaccess/es-2021-barraza-chile-conscripts-training.pdf,7,Chilean conscript soldiers entering basic military training (pre-training),Chile,military,Recruits/trainees,M,,sitting_height,Talla sentado,cm,925.9,27.0,28,,,,B,"Rev Cubana Med Militar 50(1) 2021 e02101070; Table 1 is an image, OCR checked (BMI = 67.04/1.73^2 = 22.4 ok); ISAK protocol; pre-intervention values only"
es-2021-barraza-chile-conscripts-training,reports/openaccess/es-2021-barraza-chile-conscripts-training.pdf,7,Chilean conscript soldiers entering basic military training (pre-training),Chile,military,Recruits/trainees,M,,bmi,IMC,kg/m2,22.47,2.42,28,,,,B,"Rev Cubana Med Militar 50(1) 2021 e02101070; Table 1 is an image, OCR checked (BMI = 67.04/1.73^2 = 22.4 ok); ISAK protocol; pre-intervention values only"
es-2021-barraza-chile-conscripts-training,reports/openaccess/es-2021-barraza-chile-conscripts-training.pdf,7,Chilean conscript soldiers entering basic military training (pre-training),Chile,military,Recruits/trainees,M,,other:skinfold_triceps,Triceps,mm,12.0,4.58,28,,,,B,"Rev Cubana Med Militar 50(1) 2021 e02101070; Table 1 is an image, OCR checked (BMI = 67.04/1.73^2 = 22.4 ok); ISAK protocol; pre-intervention values only"
es-2021-barraza-chile-conscripts-training,reports/openaccess/es-2021-barraza-chile-conscripts-training.pdf,7,Chilean conscript soldiers entering basic military training (pre-training),Chile,military,Recruits/trainees,M,,other:skinfold_subscapular,Subescapular,mm,10.98,4.92,28,,,,B,"Rev Cubana Med Militar 50(1) 2021 e02101070; Table 1 is an image, OCR checked (BMI = 67.04/1.73^2 = 22.4 ok); ISAK protocol; pre-intervention values only"
es-2021-barraza-chile-conscripts-training,reports/openaccess/es-2021-barraza-chile-conscripts-training.pdf,7,Chilean conscript soldiers entering basic military training (pre-training),Chile,military,Recruits/trainees,M,,other:skinfold_supraspinale,Supraespinal,mm,10.06,4.92,28,,,,B,"Rev Cubana Med Militar 50(1) 2021 e02101070; Table 1 is an image, OCR checked (BMI = 67.04/1.73^2 = 22.4 ok); ISAK protocol; pre-intervention values only"
es-2021-barraza-chile-conscripts-training,reports/openaccess/es-2021-barraza-chile-conscripts-training.pdf,7,Chilean conscript soldiers entering basic military training (pre-training),Chile,military,Recruits/trainees,M,,other:skinfold_abdominal,Abdominal,mm,16.83,8.34,28,,,,B,"Rev Cubana Med Militar 50(1) 2021 e02101070; Table 1 is an image, OCR checked (BMI = 67.04/1.73^2 = 22.4 ok); ISAK protocol; pre-intervention values only"
es-2021-barraza-chile-conscripts-training,reports/openaccess/es-2021-barraza-chile-conscripts-training.pdf,7,Chilean conscript soldiers entering basic military training (pre-training),Chile,military,Recruits/trainees,M,,other:skinfold_front_thigh,Muslo frontal,mm,12.46,3.89,28,,,,B,"Rev Cubana Med Militar 50(1) 2021 e02101070; Table 1 is an image, OCR checked (BMI = 67.04/1.73^2 = 22.4 ok); ISAK protocol; pre-intervention values only"
es-2021-barraza-chile-conscripts-training,reports/openaccess/es-2021-barraza-chile-conscripts-training.pdf,7,Chilean conscript soldiers entering basic military training (pre-training),Chile,military,Recruits/trainees,M,,other:skinfold_medial_calf,Pantorrilla,mm,8.56,3.48,28,,,,B,"Rev Cubana Med Militar 50(1) 2021 e02101070; Table 1 is an image, OCR checked (BMI = 67.04/1.73^2 = 22.4 ok); ISAK protocol; pre-intervention values only"
es-2021-barraza-chile-conscripts-training,reports/openaccess/es-2021-barraza-chile-conscripts-training.pdf,7,Chilean conscript soldiers entering basic military training (pre-training),Chile,military,Recruits/trainees,M,,biacromial_breadth,Biacromial,cm,388.7,31.2,28,,,,B,"Rev Cubana Med Militar 50(1) 2021 e02101070; Table 1 is an image, OCR checked (BMI = 67.04/1.73^2 = 22.4 ok); ISAK protocol; pre-intervention values only"
es-2021-barraza-chile-conscripts-training,reports/openaccess/es-2021-barraza-chile-conscripts-training.pdf,7,Chilean conscript soldiers entering basic military training (pre-training),Chile,military,Recruits/trainees,M,,chest_breadth,Torax transverso,cm,287.7,21.2,28,,,,B,"Rev Cubana Med Militar 50(1) 2021 e02101070; Table 1 is an image, OCR checked (BMI = 67.04/1.73^2 = 22.4 ok); ISAK protocol; pre-intervention values only"
es-2021-barraza-chile-conscripts-training,reports/openaccess/es-2021-barraza-chile-conscripts-training.pdf,7,Chilean conscript soldiers entering basic military training (pre-training),Chile,military,Recruits/trainees,M,,chest_depth,Torax anteroposterior,cm,203.1,19.1,28,,,,B,"Rev Cubana Med Militar 50(1) 2021 e02101070; Table 1 is an image, OCR checked (BMI = 67.04/1.73^2 = 22.4 ok); ISAK protocol; pre-intervention values only"
es-2021-barraza-chile-conscripts-training,reports/openaccess/es-2021-barraza-chile-conscripts-training.pdf,7,Chilean conscript soldiers entering basic military training (pre-training),Chile,military,Recruits/trainees,M,,bicristal_breadth,Biiliocrestidio,cm,277.4,16.8,28,,,,B,"Rev Cubana Med Militar 50(1) 2021 e02101070; Table 1 is an image, OCR checked (BMI = 67.04/1.73^2 = 22.4 ok); ISAK protocol; pre-intervention values only"
es-2021-barraza-chile-conscripts-training,reports/openaccess/es-2021-barraza-chile-conscripts-training.pdf,7,Chilean conscript soldiers entering basic military training (pre-training),Chile,military,Recruits/trainees,M,,other:humerus_breadth,Humeral,cm,69.7,3.2,28,,,,B,"Rev Cubana Med Militar 50(1) 2021 e02101070; Table 1 is an image, OCR checked (BMI = 67.04/1.73^2 = 22.4 ok); ISAK protocol; pre-intervention values only"
es-2021-barraza-chile-conscripts-training,reports/openaccess/es-2021-barraza-chile-conscripts-training.pdf,7,Chilean conscript soldiers entering basic military training (pre-training),Chile,military,Recruits/trainees,M,,other:femur_breadth,Femoral,cm,98.1,5.1,28,,,,B,"Rev Cubana Med Militar 50(1) 2021 e02101070; Table 1 is an image, OCR checked (BMI = 67.04/1.73^2 = 22.4 ok); ISAK protocol; pre-intervention values only"
es-2021-barraza-chile-conscripts-training,reports/openaccess/es-2021-barraza-chile-conscripts-training.pdf,7,Chilean conscript soldiers entering basic military training (pre-training),Chile,military,Recruits/trainees,M,,head_circumference,Cabeza,cm,556.0,12.2,28,,,,B,"Rev Cubana Med Militar 50(1) 2021 e02101070; Table 1 is an image, OCR checked (BMI = 67.04/1.73^2 = 22.4 ok); ISAK protocol; pre-intervention values only"
es-2021-barraza-chile-conscripts-training,reports/openaccess/es-2021-barraza-chile-conscripts-training.pdf,7,Chilean conscript soldiers entering basic military training (pre-training),Chile,military,Recruits/trainees,M,,other:arm_circumference_relaxed,Brazo,cm,281.3,21.5,28,,,,B,"Rev Cubana Med Militar 50(1) 2021 e02101070; Table 1 is an image, OCR checked (BMI = 67.04/1.73^2 = 22.4 ok); ISAK protocol; pre-intervention values only"
es-2021-barraza-chile-conscripts-training,reports/openaccess/es-2021-barraza-chile-conscripts-training.pdf,7,Chilean conscript soldiers entering basic military training (pre-training),Chile,military,Recruits/trainees,M,,biceps_circumference_flexed,Brazo flexion,cm,308.3,20.6,28,,,,B,"Rev Cubana Med Militar 50(1) 2021 e02101070; Table 1 is an image, OCR checked (BMI = 67.04/1.73^2 = 22.4 ok); ISAK protocol; pre-intervention values only"
es-2021-barraza-chile-conscripts-training,reports/openaccess/es-2021-barraza-chile-conscripts-training.pdf,7,Chilean conscript soldiers entering basic military training (pre-training),Chile,military,Recruits/trainees,M,,forearm_circumference_flexed,Antebrazo,cm,258.3,11.8,28,,,,B,"Rev Cubana Med Militar 50(1) 2021 e02101070; Table 1 is an image, OCR checked (BMI = 67.04/1.73^2 = 22.4 ok); ISAK protocol; pre-intervention values only; flexed/relaxed not stated"
es-2021-barraza-chile-conscripts-training,reports/openaccess/es-2021-barraza-chile-conscripts-training.pdf,7,Chilean conscript soldiers entering basic military training (pre-training),Chile,military,Recruits/trainees,M,,chest_circumference,Torax,cm,908.0,60.5,28,,,,B,"Rev Cubana Med Militar 50(1) 2021 e02101070; Table 1 is an image, OCR checked (BMI = 67.04/1.73^2 = 22.4 ok); ISAK protocol; pre-intervention values only"
es-2021-barraza-chile-conscripts-training,reports/openaccess/es-2021-barraza-chile-conscripts-training.pdf,7,Chilean conscript soldiers entering basic military training (pre-training),Chile,military,Recruits/trainees,M,,waist_circumference,Cintura,cm,766.8,69.0,28,,,,B,"Rev Cubana Med Militar 50(1) 2021 e02101070; Table 1 is an image, OCR checked (BMI = 67.04/1.73^2 = 22.4 ok); ISAK protocol; pre-intervention values only"
es-2021-barraza-chile-conscripts-training,reports/openaccess/es-2021-barraza-chile-conscripts-training.pdf,7,Chilean conscript soldiers entering basic military training (pre-training),Chile,military,Recruits/trainees,M,,buttock_circumference,Cadera,cm,924.4,55.0,28,,,,B,"Rev Cubana Med Militar 50(1) 2021 e02101070; Table 1 is an image, OCR checked (BMI = 67.04/1.73^2 = 22.4 ok); ISAK protocol; pre-intervention values only"
es-2021-barraza-chile-conscripts-training,reports/openaccess/es-2021-barraza-chile-conscripts-training.pdf,7,Chilean conscript soldiers entering basic military training (pre-training),Chile,military,Recruits/trainees,M,,other:mid_thigh_circumference,Muslo medio,cm,485.0,47.8,28,,,,B,"Rev Cubana Med Militar 50(1) 2021 e02101070; Table 1 is an image, OCR checked (BMI = 67.04/1.73^2 = 22.4 ok); ISAK protocol; pre-intervention values only"
es-2021-barraza-chile-conscripts-training,reports/openaccess/es-2021-barraza-chile-conscripts-training.pdf,7,Chilean conscript soldiers entering basic military training (pre-training),Chile,military,Recruits/trainees,M,,calf_circumference,Pantorrilla (perimetro),cm,328.7,19.7,28,,,,B,"Rev Cubana Med Militar 50(1) 2021 e02101070; Table 1 is an image, OCR checked (BMI = 67.04/1.73^2 = 22.4 ok); ISAK protocol; pre-intervention values only"
es-2021-barraza-chile-conscripts-training,reports/openaccess/es-2021-barraza-chile-conscripts-training.pdf,7,Chilean conscript soldiers entering basic military training (pre-training),Chile,military,Recruits/trainees,M,,thigh_circumference,Muslo maximo,cm,526.3,35.4,28,,,,B,"Rev Cubana Med Militar 50(1) 2021 e02101070; Table 1 is an image, OCR checked (BMI = 67.04/1.73^2 = 22.4 ok); ISAK protocol; pre-intervention values only"
es-2023-yanez-chile-infantry,reports/openaccess/es-2023-yanez-chile-infantry.pdf,3,Chilean Army male military personnel with operational infantry specialisation,Chile,military,Army,M,,age,Edad,years,26.9,4.8,57,,,,A,Int J Morphol 41(5) 2023
es-2023-yanez-chile-infantry,reports/openaccess/es-2023-yanez-chile-infantry.pdf,3,Chilean Army male military personnel with operational infantry specialisation,Chile,military,Army,M,,stature,Estatura,cm,1734.0,53.0,57,,,,A,Int J Morphol 41(5) 2023
es-2023-yanez-chile-infantry,reports/openaccess/es-2023-yanez-chile-infantry.pdf,3,Chilean Army male military personnel with operational infantry specialisation,Chile,military,Army,M,,mass,Peso,kg,78.2,9.4,57,,,,A,Int J Morphol 41(5) 2023
es-2023-yanez-chile-infantry,reports/openaccess/es-2023-yanez-chile-infantry.pdf,3,Chilean Army male military personnel with operational infantry specialisation,Chile,military,Army,M,,bmi,IMC,kg/m2,25.9,2.3,57,,,,A,Int J Morphol 41(5) 2023
es-2023-yanez-chile-infantry,reports/openaccess/es-2023-yanez-chile-infantry.pdf,3,Chilean Army male military personnel with operational infantry specialisation,Chile,military,Army,M,,other:body_fat_percent,Tejido adiposo (%),%,20.3,4.9,57,,,,A,"Int J Morphol 41(5) 2023; bioimpedance, unit %"
es-2023-yanez-chile-infantry,reports/openaccess/es-2023-yanez-chile-infantry.pdf,3,Chilean Army male military personnel with operational infantry specialisation,Chile,military,Army,M,,other:fat_free_mass_kg,MLG (masa libre de grasa),kg,62.2,7.4,57,,,,A,Int J Morphol 41(5) 2023
pt-2016-campos-brazil-air-force-recruits,reports/openaccess/pt-2016-campos-brazil-air-force-recruits.pdf,3,"Brazilian Air Force conscript recruits (Pirassununga unit), 18-19 y, first 2016 class",Brazil,military,Recruits/trainees,M,2016,stature,Estatura,m,1760.0,70.0,139,,,,A,"Cinergis 17(2) 2016, CC BY 4.0"
pt-2016-campos-brazil-air-force-recruits,reports/openaccess/pt-2016-campos-brazil-air-force-recruits.pdf,3,"Brazilian Air Force conscript recruits (Pirassununga unit), 18-19 y, first 2016 class",Brazil,military,Recruits/trainees,M,2016,mass,Massa Corporal,kg,67.7,10.5,139,,,,A,"Cinergis 17(2) 2016, CC BY 4.0"
pt-2016-campos-brazil-air-force-recruits,reports/openaccess/pt-2016-campos-brazil-air-force-recruits.pdf,3,"Brazilian Air Force conscript recruits (Pirassununga unit), 18-19 y, first 2016 class",Brazil,military,Recruits/trainees,M,2016,bmi,Indice de Massa Corporal,kg/m2,21.93,3.02,139,,,,A,"Cinergis 17(2) 2016, CC BY 4.0"
pt-2016-campos-brazil-air-force-recruits,reports/openaccess/pt-2016-campos-brazil-air-force-recruits.pdf,3,"Brazilian Air Force conscript recruits (Pirassununga unit), 18-19 y, first 2016 class",Brazil,military,Recruits/trainees,M,2016,other:skinfold_triceps,Dobra Cutanea Tricipital,mm,9.5,4.8,139,,,,A,"Cinergis 17(2) 2016, CC BY 4.0"
pt-2016-campos-brazil-air-force-recruits,reports/openaccess/pt-2016-campos-brazil-air-force-recruits.pdf,3,"Brazilian Air Force conscript recruits (Pirassununga unit), 18-19 y, first 2016 class",Brazil,military,Recruits/trainees,M,2016,other:skinfold_suprailiac,Dobra Cutanea Suprailiaca,mm,17.2,11.5,139,,,,A,"Cinergis 17(2) 2016, CC BY 4.0"
pt-2016-campos-brazil-air-force-recruits,reports/openaccess/pt-2016-campos-brazil-air-force-recruits.pdf,3,"Brazilian Air Force conscript recruits (Pirassununga unit), 18-19 y, first 2016 class",Brazil,military,Recruits/trainees,M,2016,other:skinfold_abdominal,Dobra Cutanea Abdominal,mm,15.9,10.3,139,,,,A,"Cinergis 17(2) 2016, CC BY 4.0"
pt-2016-campos-brazil-air-force-recruits,reports/openaccess/pt-2016-campos-brazil-air-force-recruits.pdf,3,"Brazilian Air Force conscript recruits (Pirassununga unit), 18-19 y, first 2016 class",Brazil,military,Recruits/trainees,M,2016,other:body_fat_percent,Gordura Corporal (%),%,14.1,7.2,139,,,,A,"Cinergis 17(2) 2016, CC BY 4.0; unit %"
pt-2016-campos-brazil-air-force-recruits,reports/openaccess/pt-2016-campos-brazil-air-force-recruits.pdf,3,"Brazilian Air Force conscript recruits (Pirassununga unit), 18-19 y, first 2016 class",Brazil,military,Recruits/trainees,M,2016,biceps_circumference_flexed,Circunferencia de Biceps,cm,270.0,30.0,139,,,,A,"Cinergis 17(2) 2016, CC BY 4.0; flexed/relaxed not stated"
pt-2016-campos-brazil-air-force-recruits,reports/openaccess/pt-2016-campos-brazil-air-force-recruits.pdf,3,"Brazilian Air Force conscript recruits (Pirassununga unit), 18-19 y, first 2016 class",Brazil,military,Recruits/trainees,M,2016,waist_circumference,Circunferencia de Cintura,cm,750.0,70.0,139,,,,A,"Cinergis 17(2) 2016, CC BY 4.0"
pt-2016-campos-brazil-air-force-recruits,reports/openaccess/pt-2016-campos-brazil-air-force-recruits.pdf,3,"Brazilian Air Force conscript recruits (Pirassununga unit), 18-19 y, first 2016 class",Brazil,military,Recruits/trainees,M,2016,buttock_circumference,Circunferencia de Quadril,cm,900.0,70.0,139,,,,A,"Cinergis 17(2) 2016, CC BY 4.0"
pt-2023-vey-brazil-army-entering-soldiers,reports/openaccess/pt-2023-vey-brazil-army-entering-soldiers.pdf,6,"Brazilian Army conscript soldiers at entry, Santa Maria RS (before 10 months of service)",Brazil,military,Recruits/trainees,M,,age,Idade,years,18.0,0.27,198,,,,A,Saude e Pesquisa 16(4) 2023 e12063; baseline values
pt-2023-vey-brazil-army-entering-soldiers,reports/openaccess/pt-2023-vey-brazil-army-entering-soldiers.pdf,6,"Brazilian Army conscript soldiers at entry, Santa Maria RS (before 10 months of service)",Brazil,military,Recruits/trainees,M,,stature,Estatura,cm,1750.0,70.0,198,,,,A,Saude e Pesquisa 16(4) 2023 e12063; baseline values; printed as 1.75 +/- 0.07 under a cm header
pt-2023-vey-brazil-army-entering-soldiers,reports/openaccess/pt-2023-vey-brazil-army-entering-soldiers.pdf,6,"Brazilian Army conscript soldiers at entry, Santa Maria RS (before 10 months of service)",Brazil,military,Recruits/trainees,M,,mass,Massa corporal,kg,71.69,14.23,198,,,,A,Saude e Pesquisa 16(4) 2023 e12063; baseline values
pt-2023-vey-brazil-army-entering-soldiers,reports/openaccess/pt-2023-vey-brazil-army-entering-soldiers.pdf,6,"Brazilian Army conscript soldiers at entry, Santa Maria RS (before 10 months of service)",Brazil,military,Recruits/trainees,M,,bmi,IMC,kg/m2,23.23,3.84,198,,,,A,Saude e Pesquisa 16(4) 2023 e12063; baseline values
pt-2023-vey-brazil-army-entering-soldiers,reports/openaccess/pt-2023-vey-brazil-army-entering-soldiers.pdf,6,"Brazilian Army conscript soldiers at entry, Santa Maria RS (before 10 months of service)",Brazil,military,Recruits/trainees,M,,waist_circumference,CC (circunferencia da cintura),cm,771.0,103.7,198,,,,A,Saude e Pesquisa 16(4) 2023 e12063; baseline values
pt-2023-vey-brazil-army-entering-soldiers,reports/openaccess/pt-2023-vey-brazil-army-entering-soldiers.pdf,6,"Brazilian Army conscript soldiers at entry, Santa Maria RS (before 10 months of service)",Brazil,military,Recruits/trainees,M,,buttock_circumference,CQ (circunferencia do quadril),cm,939.7,88.2,198,,,,A,Saude e Pesquisa 16(4) 2023 e12063; baseline values
pt-2012-maria-brazil-air-force-sao-paulo-thesis,reports/openaccess/pt-2012-maria-brazil-air-force-sao-paulo-thesis.pdf,54,"Brazilian Air Force male personnel, Sao Paulo units (soldiers 775, NCOs, officers)",Brazil,military,Air Force,M,2011,age,Idade,years,26.0,8.7,1241,,,,A,"MSc thesis USP (Maria SHC 2012), Table 6; data 2011"
pt-2012-maria-brazil-air-force-sao-paulo-thesis,reports/openaccess/pt-2012-maria-brazil-air-force-sao-paulo-thesis.pdf,54,"Brazilian Air Force male personnel, Sao Paulo units (soldiers 775, NCOs, officers)",Brazil,military,Air Force,M,2011,other:abdominal_circumference,CA (circunferencia abdominal),cm,859.0,106.0,1241,,,,A,"MSc thesis USP (Maria SHC 2012), Table 6; data 2011"
pt-2012-maria-brazil-air-force-sao-paulo-thesis,reports/openaccess/pt-2012-maria-brazil-air-force-sao-paulo-thesis.pdf,54,"Brazilian Air Force male personnel, Sao Paulo units (soldiers 775, NCOs, officers)",Brazil,military,Air Force,M,2011,mass,Peso,kg,76.1,12.6,1241,,,,A,"MSc thesis USP (Maria SHC 2012), Table 6; data 2011"
pt-2012-maria-brazil-air-force-sao-paulo-thesis,reports/openaccess/pt-2012-maria-brazil-air-force-sao-paulo-thesis.pdf,54,"Brazilian Air Force male personnel, Sao Paulo units (soldiers 775, NCOs, officers)",Brazil,military,Air Force,M,2011,stature,Estatura,cm,1751.0,61.0,1241,,,,A,"MSc thesis USP (Maria SHC 2012), Table 6; data 2011"
pt-2012-maria-brazil-air-force-sao-paulo-thesis,reports/openaccess/pt-2012-maria-brazil-air-force-sao-paulo-thesis.pdf,54,"Brazilian Air Force male personnel, Sao Paulo units (soldiers 775, NCOs, officers)",Brazil,military,Air Force,M,2011,bmi,IMC,kg/m2,24.8,3.8,1241,,,,A,"MSc thesis USP (Maria SHC 2012), Table 6; data 2011"
pt-2012-maria-brazil-air-force-sao-paulo-thesis,reports/openaccess/pt-2012-maria-brazil-air-force-sao-paulo-thesis.pdf,54,"Brazilian Air Force male personnel, Sao Paulo units (soldiers 775, NCOs, officers)",Brazil,military,Air Force,M,2011,other:body_fat_percent,%G,%,17.4,7.8,1241,,,,A,"MSc thesis USP (Maria SHC 2012), Table 6; data 2011; skinfold estimate, unit %"
pt-2013-vargas-brazil-army-soldiers-ponta-grossa,reports/openaccess/pt-2013-brazil-army-elite-soldiers.pdf,11,"Brazilian Army soldiers, 13th Armoured Infantry Battalion Ponta Grossa (20 special-ops platoon + 20 conventional)",Brazil,military,Army,M,,age,Idade,years,18.95,0.83,40,,,,A,"Conexoes 11(2) 2013, Table 1 pooled"
pt-2013-vargas-brazil-army-soldiers-ponta-grossa,reports/openaccess/pt-2013-brazil-army-elite-soldiers.pdf,11,"Brazilian Army soldiers, 13th Armoured Infantry Battalion Ponta Grossa (20 special-ops platoon + 20 conventional)",Brazil,military,Army,M,,stature,Estatura,m,1720.0,60.0,40,,,,A,"Conexoes 11(2) 2013, Table 1 pooled"
pt-2013-vargas-brazil-army-soldiers-ponta-grossa,reports/openaccess/pt-2013-brazil-army-elite-soldiers.pdf,11,"Brazilian Army soldiers, 13th Armoured Infantry Battalion Ponta Grossa (20 special-ops platoon + 20 conventional)",Brazil,military,Army,M,,mass,Massa,kg,68.05,13.26,40,,,,A,"Conexoes 11(2) 2013, Table 1 pooled"
pt-2013-vargas-brazil-army-soldiers-ponta-grossa,reports/openaccess/pt-2013-brazil-army-elite-soldiers.pdf,11,"Brazilian Army soldiers, 13th Armoured Infantry Battalion Ponta Grossa (20 special-ops platoon + 20 conventional)",Brazil,military,Army,M,,bmi,IMC,kg/m2,22.9,4.06,40,,,,A,"Conexoes 11(2) 2013, Table 1 pooled"
pt-2013-elhage-brazil-pmmt-police-recruits,reports/openaccess/pt-2013-elhage-brazil-pmmt-police-recruits.pdf,5,"Mato Grosso Military Police (Policia Militar) soldier-course recruits, 28th course, pre-training",Brazil,military,Recruits/trainees,M,,age,Idade,years,23.7,2.1,82,,,,A,"RBPFEX 7(41) 2013; state military police (gendarmerie-type auxiliary force), baseline M0"
pt-2013-elhage-brazil-pmmt-police-recruits,reports/openaccess/pt-2013-elhage-brazil-pmmt-police-recruits.pdf,5,"Mato Grosso Military Police (Policia Militar) soldier-course recruits, 28th course, pre-training",Brazil,military,Recruits/trainees,M,,stature,Estatura,m,1760.0,50.0,82,,,,A,"RBPFEX 7(41) 2013; state military police (gendarmerie-type auxiliary force), baseline M0"
pt-2013-elhage-brazil-pmmt-police-recruits,reports/openaccess/pt-2013-elhage-brazil-pmmt-police-recruits.pdf,5,"Mato Grosso Military Police (Policia Militar) soldier-course recruits, 28th course, pre-training",Brazil,military,Recruits/trainees,M,,mass,Massa corporal,kg,73.6,8.4,82,,,,A,"RBPFEX 7(41) 2013; state military police (gendarmerie-type auxiliary force), baseline M0"
pt-2013-elhage-brazil-pmmt-police-recruits,reports/openaccess/pt-2013-elhage-brazil-pmmt-police-recruits.pdf,5,"Mato Grosso Military Police (Policia Militar) soldier-course recruits, 28th course, pre-training",Brazil,military,Recruits/trainees,M,,bmi,IMC,kg/m2,23.7,2.1,82,,,,A,"RBPFEX 7(41) 2013; state military police (gendarmerie-type auxiliary force), baseline M0"
pt-2013-elhage-brazil-pmmt-police-recruits,reports/openaccess/pt-2013-elhage-brazil-pmmt-police-recruits.pdf,5,"Mato Grosso Military Police (Policia Militar) soldier-course recruits, 28th course, pre-training",Brazil,military,Recruits/trainees,M,,waist_circumference,CCin,cm,811.0,54.0,82,,,,A,"RBPFEX 7(41) 2013; state military police (gendarmerie-type auxiliary force), baseline M0"
pt-2017-silva-brazil-rio-military-police,reports/openaccess/pt-2017-silva-brazil-rio-military-police.pdf,4,Rio de Janeiro Military Police administrative-service policemen,Brazil,military,Cadre/other military,M,,age,Idade,years,39.84,3.08,32,,,,A,Rev Cubana Med Militar 46(4) 2017; state military police; values from Results text (Tables 1-2)
pt-2017-silva-brazil-rio-military-police,reports/openaccess/pt-2017-silva-brazil-rio-military-police.pdf,4,Rio de Janeiro Military Police administrative-service policemen,Brazil,military,Cadre/other military,M,,mass,Massa corporal,kg,82.94,12.06,32,,,,A,Rev Cubana Med Militar 46(4) 2017; state military police; values from Results text (Tables 1-2)
pt-2017-silva-brazil-rio-military-police,reports/openaccess/pt-2017-silva-brazil-rio-military-police.pdf,4,Rio de Janeiro Military Police administrative-service policemen,Brazil,military,Cadre/other military,M,,stature,Estatura,m,1750.0,62.0,32,,,,A,Rev Cubana Med Militar 46(4) 2017; state military police; values from Results text (Tables 1-2)
pt-2017-silva-brazil-rio-military-police,reports/openaccess/pt-2017-silva-brazil-rio-military-police.pdf,4,Rio de Janeiro Military Police administrative-service policemen,Brazil,military,Cadre/other military,M,,bmi,IMC,kg/m2,27.02,3.14,32,,,,A,Rev Cubana Med Militar 46(4) 2017; state military police; values from Results text (Tables 1-2)
pt-2016-damasceno-brazil-ceara-shock-battalion,reports/openaccess/pt-2016-brazil-ceara-shock-battalion.pdf,6,Ceara Military Police Shock Battalion policemen,Brazil,military,Cadre/other military,M,2015,age,Idade,years,36.28,6.35,25,,,,A,Saude e Desenvolvimento Humano 4(2) 2016; state military police; data Feb-Apr 2015
pt-2016-damasceno-brazil-ceara-shock-battalion,reports/openaccess/pt-2016-brazil-ceara-shock-battalion.pdf,6,Ceara Military Police Shock Battalion policemen,Brazil,military,Cadre/other military,M,2015,bmi,IMC,kg/m2,28.73,2.37,25,,,,A,Saude e Desenvolvimento Humano 4(2) 2016; state military police; data Feb-Apr 2015
pt-2016-damasceno-brazil-ceara-shock-battalion,reports/openaccess/pt-2016-brazil-ceara-shock-battalion.pdf,6,Ceara Military Police Shock Battalion policemen,Brazil,military,Cadre/other military,M,2015,waist_circumference,CC,cm,916.4,58.5,25,,,,A,Saude e Desenvolvimento Humano 4(2) 2016; state military police; data Feb-Apr 2015
pt-2016-damasceno-brazil-ceara-shock-battalion,reports/openaccess/pt-2016-brazil-ceara-shock-battalion.pdf,6,Ceara Military Police Shock Battalion policemen,Brazil,military,Cadre/other military,M,2015,other:abdominal_circumference,CA,cm,962.4,57.5,25,,,,A,Saude e Desenvolvimento Humano 4(2) 2016; state military police; data Feb-Apr 2015
pt-2016-damasceno-brazil-ceara-shock-battalion,reports/openaccess/pt-2016-brazil-ceara-shock-battalion.pdf,6,Ceara Military Police Shock Battalion policemen,Brazil,military,Cadre/other military,M,2015,other:body_fat_percent,% de Gordura,%,26.27,4.91,25,,,,A,Saude e Desenvolvimento Humano 4(2) 2016; state military police; data Feb-Apr 2015; unit %
pt-2003-salem-brazil-army-women-hydrostatic,reports/openaccess/pt-2003-salem-brazil-army-women-hydrostatic.pdf,5,"Brazilian Army female military personnel (IPCFEx reliability study), first measurement",Brazil,military,Army,F,,age,Idade,years,32.96,5.37,10,,,,B,Rev Bras Ativ Fis Saude 8(1):45-51 (2003); scanned PDF OCR'd; values cross-checked between Table 1 and Table 2; very small sample
pt-2003-salem-brazil-army-women-hydrostatic,reports/openaccess/pt-2003-salem-brazil-army-women-hydrostatic.pdf,5,"Brazilian Army female military personnel (IPCFEx reliability study), first measurement",Brazil,military,Army,F,,stature,Estatura,cm,1641.9,63.1,10,,,,B,Rev Bras Ativ Fis Saude 8(1):45-51 (2003); scanned PDF OCR'd; values cross-checked between Table 1 and Table 2; very small sample
pt-2003-salem-brazil-army-women-hydrostatic,reports/openaccess/pt-2003-salem-brazil-army-women-hydrostatic.pdf,5,"Brazilian Army female military personnel (IPCFEx reliability study), first measurement",Brazil,military,Army,F,,mass,MC (massa corporal),kg,56.25,5.95,10,,,,B,Rev Bras Ativ Fis Saude 8(1):45-51 (2003); scanned PDF OCR'd; values cross-checked between Table 1 and Table 2; very small sample
pt-2003-salem-brazil-army-women-hydrostatic,reports/openaccess/pt-2003-salem-brazil-army-women-hydrostatic.pdf,5,"Brazilian Army female military personnel (IPCFEx reliability study), first measurement",Brazil,military,Army,F,,other:body_fat_percent,%G,%,23.28,3.37,10,,,,B,"Rev Bras Ativ Fis Saude 8(1):45-51 (2003); scanned PDF OCR'd; values cross-checked between Table 1 and Table 2; very small sample; hydrostatic weighing, unit %"
pt-2003-salem-brazil-army-women-hydrostatic,reports/openaccess/pt-2003-salem-brazil-army-women-hydrostatic.pdf,5,"Brazilian Army female military personnel (IPCFEx reliability study), first measurement",Brazil,military,Army,F,,other:skinfold_chest,Peitoral,mm,10.32,4.23,10,,,,B,Rev Bras Ativ Fis Saude 8(1):45-51 (2003); scanned PDF OCR'd; values cross-checked between Table 1 and Table 2; very small sample
pt-2003-salem-brazil-army-women-hydrostatic,reports/openaccess/pt-2003-salem-brazil-army-women-hydrostatic.pdf,5,"Brazilian Army female military personnel (IPCFEx reliability study), first measurement",Brazil,military,Army,F,,other:skinfold_biceps,Biceps,mm,8.16,2.89,10,,,,B,Rev Bras Ativ Fis Saude 8(1):45-51 (2003); scanned PDF OCR'd; values cross-checked between Table 1 and Table 2; very small sample
pt-2003-salem-brazil-army-women-hydrostatic,reports/openaccess/pt-2003-salem-brazil-army-women-hydrostatic.pdf,5,"Brazilian Army female military personnel (IPCFEx reliability study), first measurement",Brazil,military,Army,F,,other:skinfold_triceps,Triceps,mm,19.46,3.09,10,,,,B,Rev Bras Ativ Fis Saude 8(1):45-51 (2003); scanned PDF OCR'd; values cross-checked between Table 1 and Table 2; very small sample
pt-2003-salem-brazil-army-women-hydrostatic,reports/openaccess/pt-2003-salem-brazil-army-women-hydrostatic.pdf,5,"Brazilian Army female military personnel (IPCFEx reliability study), first measurement",Brazil,military,Army,F,,other:skinfold_subscapular,Subescapular,mm,11.95,3.6,10,,,,B,Rev Bras Ativ Fis Saude 8(1):45-51 (2003); scanned PDF OCR'd; values cross-checked between Table 1 and Table 2; very small sample
pt-2003-salem-brazil-army-women-hydrostatic,reports/openaccess/pt-2003-salem-brazil-army-women-hydrostatic.pdf,5,"Brazilian Army female military personnel (IPCFEx reliability study), first measurement",Brazil,military,Army,F,,other:skinfold_midaxillary,Axilar media,mm,8.21,2.78,10,,,,B,Rev Bras Ativ Fis Saude 8(1):45-51 (2003); scanned PDF OCR'd; values cross-checked between Table 1 and Table 2; very small sample
pt-2003-salem-brazil-army-women-hydrostatic,reports/openaccess/pt-2003-salem-brazil-army-women-hydrostatic.pdf,5,"Brazilian Army female military personnel (IPCFEx reliability study), first measurement",Brazil,military,Army,F,,other:skinfold_suprailiac,Suprailiaca,mm,19.18,3.96,10,,,,B,Rev Bras Ativ Fis Saude 8(1):45-51 (2003); scanned PDF OCR'd; values cross-checked between Table 1 and Table 2; very small sample
pt-2003-salem-brazil-army-women-hydrostatic,reports/openaccess/pt-2003-salem-brazil-army-women-hydrostatic.pdf,5,"Brazilian Army female military personnel (IPCFEx reliability study), first measurement",Brazil,military,Army,F,,other:skinfold_supraspinale,Supraespinal,mm,12.13,4.42,10,,,,B,Rev Bras Ativ Fis Saude 8(1):45-51 (2003); scanned PDF OCR'd; values cross-checked between Table 1 and Table 2; very small sample
pt-2003-salem-brazil-army-women-hydrostatic,reports/openaccess/pt-2003-salem-brazil-army-women-hydrostatic.pdf,5,"Brazilian Army female military personnel (IPCFEx reliability study), first measurement",Brazil,military,Army,F,,other:skinfold_abdominal,Abdominal,mm,18.29,4.98,10,,,,B,Rev Bras Ativ Fis Saude 8(1):45-51 (2003); scanned PDF OCR'd; values cross-checked between Table 1 and Table 2; very small sample
pt-2003-salem-brazil-army-women-hydrostatic,reports/openaccess/pt-2003-salem-brazil-army-women-hydrostatic.pdf,5,"Brazilian Army female military personnel (IPCFEx reliability study), first measurement",Brazil,military,Army,F,,other:skinfold_thigh,Coxa,mm,24.56,6.33,10,,,,B,Rev Bras Ativ Fis Saude 8(1):45-51 (2003); scanned PDF OCR'd; values cross-checked between Table 1 and Table 2; very small sample
pt-2003-salem-brazil-army-women-hydrostatic,reports/openaccess/pt-2003-salem-brazil-army-women-hydrostatic.pdf,5,"Brazilian Army female military personnel (IPCFEx reliability study), first measurement",Brazil,military,Army,F,,other:skinfold_medial_calf,Panturrilha,mm,14.69,3.33,10,,,,B,Rev Bras Ativ Fis Saude 8(1):45-51 (2003); scanned PDF OCR'd; values cross-checked between Table 1 and Table 2; very small sample
pt-2003-salem-brazil-army-women-hydrostatic,reports/openaccess/pt-2003-salem-brazil-army-women-hydrostatic.pdf,5,"Brazilian Army female military personnel (IPCFEx reliability study), first measurement",Brazil,military,Army,F,,neck_circumference,Pescoco,cm,310.0,11.6,10,,,,B,Rev Bras Ativ Fis Saude 8(1):45-51 (2003); scanned PDF OCR'd; values cross-checked between Table 1 and Table 2; very small sample
pt-2003-salem-brazil-army-women-hydrostatic,reports/openaccess/pt-2003-salem-brazil-army-women-hydrostatic.pdf,5,"Brazilian Army female military personnel (IPCFEx reliability study), first measurement",Brazil,military,Army,F,,forearm_circumference_flexed,Antebraco,cm,226.4,12.5,10,,,,B,Rev Bras Ativ Fis Saude 8(1):45-51 (2003); scanned PDF OCR'd; values cross-checked between Table 1 and Table 2; very small sample; flexed/relaxed not stated
pt-2003-salem-brazil-army-women-hydrostatic,reports/openaccess/pt-2003-salem-brazil-army-women-hydrostatic.pdf,5,"Brazilian Army female military personnel (IPCFEx reliability study), first measurement",Brazil,military,Army,F,,other:arm_circumference_relaxed,Braco relaxado,cm,258.9,18.1,10,,,,B,Rev Bras Ativ Fis Saude 8(1):45-51 (2003); scanned PDF OCR'd; values cross-checked between Table 1 and Table 2; very small sample
pt-2003-salem-brazil-army-women-hydrostatic,reports/openaccess/pt-2003-salem-brazil-army-women-hydrostatic.pdf,5,"Brazilian Army female military personnel (IPCFEx reliability study), first measurement",Brazil,military,Army,F,,biceps_circumference_flexed,Braco contraido,cm,265.4,15.9,10,,,,B,Rev Bras Ativ Fis Saude 8(1):45-51 (2003); scanned PDF OCR'd; values cross-checked between Table 1 and Table 2; very small sample
pt-2003-salem-brazil-army-women-hydrostatic,reports/openaccess/pt-2003-salem-brazil-army-women-hydrostatic.pdf,5,"Brazilian Army female military personnel (IPCFEx reliability study), first measurement",Brazil,military,Army,F,,chest_circumference,Torax,cm,732.3,37.5,10,,,,B,Rev Bras Ativ Fis Saude 8(1):45-51 (2003); scanned PDF OCR'd; values cross-checked between Table 1 and Table 2; very small sample
pt-2003-salem-brazil-army-women-hydrostatic,reports/openaccess/pt-2003-salem-brazil-army-women-hydrostatic.pdf,5,"Brazilian Army female military personnel (IPCFEx reliability study), first measurement",Brazil,military,Army,F,,waist_circumference,Cintura,cm,693.3,40.0,10,,,,B,Rev Bras Ativ Fis Saude 8(1):45-51 (2003); scanned PDF OCR'd; values cross-checked between Table 1 and Table 2; very small sample
pt-2003-salem-brazil-army-women-hydrostatic,reports/openaccess/pt-2003-salem-brazil-army-women-hydrostatic.pdf,5,"Brazilian Army female military personnel (IPCFEx reliability study), first measurement",Brazil,military,Army,F,,other:abdominal_circumference,Abdomem,cm,774.5,41.5,10,,,,B,Rev Bras Ativ Fis Saude 8(1):45-51 (2003); scanned PDF OCR'd; values cross-checked between Table 1 and Table 2; very small sample
pt-2003-salem-brazil-army-women-hydrostatic,reports/openaccess/pt-2003-salem-brazil-army-women-hydrostatic.pdf,5,"Brazilian Army female military personnel (IPCFEx reliability study), first measurement",Brazil,military,Army,F,,buttock_circumference,Quadril,cm,955.8,39.2,10,,,,B,Rev Bras Ativ Fis Saude 8(1):45-51 (2003); scanned PDF OCR'd; values cross-checked between Table 1 and Table 2; very small sample
pt-2003-salem-brazil-army-women-hydrostatic,reports/openaccess/pt-2003-salem-brazil-army-women-hydrostatic.pdf,5,"Brazilian Army female military personnel (IPCFEx reliability study), first measurement",Brazil,military,Army,F,,thigh_circumference,Coxa (perimetro),cm,552.5,31.6,10,,,,B,Rev Bras Ativ Fis Saude 8(1):45-51 (2003); scanned PDF OCR'd; values cross-checked between Table 1 and Table 2; very small sample
pt-2003-salem-brazil-army-women-hydrostatic,reports/openaccess/pt-2003-salem-brazil-army-women-hydrostatic.pdf,5,"Brazilian Army female military personnel (IPCFEx reliability study), first measurement",Brazil,military,Army,F,,calf_circumference,Panturrilha (perimetro),cm,345.5,19.5,10,,,,B,Rev Bras Ativ Fis Saude 8(1):45-51 (2003); scanned PDF OCR'd; values cross-checked between Table 1 and Table 2; very small sample
pt-2004-salem-brazil-army-women-equations,https://www.scielo.br/j/rbme/a/8pNHrndDZGfYpS5yFvGsTth/?lang=pt,,"Brazilian Army female military personnel 18-45 y, Rio de Janeiro (regression + validation groups)",Brazil,military,Army,F,,age,Idade,years,30.65,6.56,100,,,,C,Rev Bras Med Esporte 10(3) 2004; whole-sample values read from web article text (SciELO Brazil blocks PDF download)
pt-2004-salem-brazil-army-women-equations,https://www.scielo.br/j/rbme/a/8pNHrndDZGfYpS5yFvGsTth/?lang=pt,,"Brazilian Army female military personnel 18-45 y, Rio de Janeiro (regression + validation groups)",Brazil,military,Army,F,,stature,Estatura,cm,1648.8,58.4,100,,,,C,Rev Bras Med Esporte 10(3) 2004; whole-sample values read from web article text (SciELO Brazil blocks PDF download)
pt-2004-salem-brazil-army-women-equations,https://www.scielo.br/j/rbme/a/8pNHrndDZGfYpS5yFvGsTth/?lang=pt,,"Brazilian Army female military personnel 18-45 y, Rio de Janeiro (regression + validation groups)",Brazil,military,Army,F,,mass,Massa corporal,kg,58.74,6.9,100,,,,C,Rev Bras Med Esporte 10(3) 2004; whole-sample values read from web article text (SciELO Brazil blocks PDF download)
pt-2004-salem-brazil-army-women-equations,https://www.scielo.br/j/rbme/a/8pNHrndDZGfYpS5yFvGsTth/?lang=pt,,"Brazilian Army female military personnel 18-45 y, Rio de Janeiro (regression + validation groups)",Brazil,military,Army,F,,other:body_fat_percent,% gordura,%,23.6,4.19,100,,,,C,"Rev Bras Med Esporte 10(3) 2004; whole-sample values read from web article text (SciELO Brazil blocks PDF download); hydrostatic weighing, unit %"
pt-2013-avila-brazil-espcex-cadets,https://scielo.br/scielo.php?pid=S1517-86922013000500013&script=sci_arttext,,"Brazilian Army Cadet Preparatory School (EsPCEx) students, pre-training",Brazil,military,Cadets,M,,age,Idade,years,18.33,1.26,287,,,,C,Rev Bras Med Esporte 19(5) 2013; baseline values read from web article
pt-2013-avila-brazil-espcex-cadets,https://scielo.br/scielo.php?pid=S1517-86922013000500013&script=sci_arttext,,"Brazilian Army Cadet Preparatory School (EsPCEx) students, pre-training",Brazil,military,Cadets,M,,stature,Estatura,m,1750.0,60.0,287,,,,C,Rev Bras Med Esporte 19(5) 2013; baseline values read from web article
pt-2013-avila-brazil-espcex-cadets,https://scielo.br/scielo.php?pid=S1517-86922013000500013&script=sci_arttext,,"Brazilian Army Cadet Preparatory School (EsPCEx) students, pre-training",Brazil,military,Cadets,M,,mass,Massa corporal,kg,69.67,8.83,287,,,,C,Rev Bras Med Esporte 19(5) 2013; baseline values read from web article
pt-2013-avila-brazil-espcex-cadets,https://scielo.br/scielo.php?pid=S1517-86922013000500013&script=sci_arttext,,"Brazilian Army Cadet Preparatory School (EsPCEx) students, pre-training",Brazil,military,Cadets,M,,bmi,IMC,kg/m2,22.59,2.43,287,,,,C,Rev Bras Med Esporte 19(5) 2013; baseline values read from web article
pt-2013-avila-brazil-espcex-cadets,https://scielo.br/scielo.php?pid=S1517-86922013000500013&script=sci_arttext,,"Brazilian Army Cadet Preparatory School (EsPCEx) students, pre-training",Brazil,military,Cadets,M,,other:body_fat_percent,% gordura,%,13.62,5.04,287,,,,C,Rev Bras Med Esporte 19(5) 2013; baseline values read from web article; unit %
pt-2024-moura-portugal-military-academy-cadets,https://repositorio.ulisboa.pt/entities/publication/457b38cd-a1cc-430b-89ba-afc8abe9c413,,Portuguese Military Academy newly admitted male cadets,Portugal,military,Cadets,M,,age,Idade,years,19.69,1.58,80,,,,C,"from abstract (MSc thesis FMH Univ Lisboa 2024, PDF is request-only); 99 cadets of which 19 female, ISAK anthropometrist"
pt-2024-moura-portugal-military-academy-cadets,https://repositorio.ulisboa.pt/entities/publication/457b38cd-a1cc-430b-89ba-afc8abe9c413,,Portuguese Military Academy newly admitted male cadets,Portugal,military,Cadets,M,,stature,Altura,cm,1755.4,61.9,80,,,,C,"from abstract (MSc thesis FMH Univ Lisboa 2024, PDF is request-only); 99 cadets of which 19 female, ISAK anthropometrist"
pt-2024-moura-portugal-military-academy-cadets,https://repositorio.ulisboa.pt/entities/publication/457b38cd-a1cc-430b-89ba-afc8abe9c413,,Portuguese Military Academy newly admitted male cadets,Portugal,military,Cadets,M,,mass,Peso,kg,70.26,6.75,80,,,,C,"from abstract (MSc thesis FMH Univ Lisboa 2024, PDF is request-only); 99 cadets of which 19 female, ISAK anthropometrist"
pt-2024-moura-portugal-military-academy-cadets,https://repositorio.ulisboa.pt/entities/publication/457b38cd-a1cc-430b-89ba-afc8abe9c413,,Portuguese Military Academy newly admitted male cadets,Portugal,military,Cadets,M,,bmi,IMC,kg/m2,22.79,1.63,80,,,,C,"from abstract (MSc thesis FMH Univ Lisboa 2024, PDF is request-only); 99 cadets of which 19 female, ISAK anthropometrist"
pt-2024-moura-portugal-military-academy-cadets,https://repositorio.ulisboa.pt/entities/publication/457b38cd-a1cc-430b-89ba-afc8abe9c413,,Portuguese Military Academy newly admitted male cadets,Portugal,military,Cadets,M,,other:body_fat_percent,Massa gorda,%,13.73,2.82,80,,,,C,"from abstract (MSc thesis FMH Univ Lisboa 2024, PDF is request-only); 99 cadets of which 19 female, ISAK anthropometrist; unit %"
pt-2024-moura-portugal-military-academy-cadets,https://repositorio.ulisboa.pt/entities/publication/457b38cd-a1cc-430b-89ba-afc8abe9c413,,Portuguese Military Academy newly admitted female cadets,Portugal,military,Cadets,F,,age,Idade,years,19.45,1.37,19,,,,C,"from abstract (MSc thesis FMH Univ Lisboa 2024, PDF is request-only)"
pt-2024-moura-portugal-military-academy-cadets,https://repositorio.ulisboa.pt/entities/publication/457b38cd-a1cc-430b-89ba-afc8abe9c413,,Portuguese Military Academy newly admitted female cadets,Portugal,military,Cadets,F,,stature,Altura,cm,1629.3,60.0,19,,,,C,"from abstract (MSc thesis FMH Univ Lisboa 2024, PDF is request-only)"
pt-2024-moura-portugal-military-academy-cadets,https://repositorio.ulisboa.pt/entities/publication/457b38cd-a1cc-430b-89ba-afc8abe9c413,,Portuguese Military Academy newly admitted female cadets,Portugal,military,Cadets,F,,mass,Peso,kg,58.54,5.33,19,,,,C,"from abstract (MSc thesis FMH Univ Lisboa 2024, PDF is request-only)"
pt-2024-moura-portugal-military-academy-cadets,https://repositorio.ulisboa.pt/entities/publication/457b38cd-a1cc-430b-89ba-afc8abe9c413,,Portuguese Military Academy newly admitted female cadets,Portugal,military,Cadets,F,,bmi,IMC,kg/m2,22.02,1.26,19,,,,C,"from abstract (MSc thesis FMH Univ Lisboa 2024, PDF is request-only)"
pt-2024-moura-portugal-military-academy-cadets,https://repositorio.ulisboa.pt/entities/publication/457b38cd-a1cc-430b-89ba-afc8abe9c413,,Portuguese Military Academy newly admitted female cadets,Portugal,military,Cadets,F,,other:body_fat_percent,Massa gorda,%,23.81,2.36,19,,,,C,"from abstract (MSc thesis FMH Univ Lisboa 2024, PDF is request-only); unit %"
pt-2014-freitas-portugal-military-academy,reports/openaccess/pt-2014-freitas-portugal-military-academy.pdf,85,"Portuguese Military Academy male cadets, year 1",Portugal,military,Cadets,M,2014,age,Media idade,years,18.5,,,,,,A,"Appendix B Quadro 11: means only, no SD, n per year not printed (61 male cadets in total)"
pt-2014-freitas-portugal-military-academy,reports/openaccess/pt-2014-freitas-portugal-military-academy.pdf,85,"Portuguese Military Academy male cadets, year 1",Portugal,military,Cadets,M,2014,mass,Medio peso,kg,70.4,,,,,,A,"Appendix B Quadro 11: means only, no SD, n per year not printed (61 male cadets in total)"
pt-2014-freitas-portugal-military-academy,reports/openaccess/pt-2014-freitas-portugal-military-academy.pdf,85,"Portuguese Military Academy male cadets, year 1",Portugal,military,Cadets,M,2014,stature,Media altura,cm,1750.0,,,,,,A,"Appendix B Quadro 11: means only, no SD, n per year not printed (61 male cadets in total)"
pt-2014-freitas-portugal-military-academy,reports/openaccess/pt-2014-freitas-portugal-military-academy.pdf,85,"Portuguese Military Academy male cadets, year 2",Portugal,military,Cadets,M,2014,age,Media idade,years,21.3,,,,,,A,"Appendix B Quadro 11: means only, no SD, n per year not printed (61 male cadets in total)"
pt-2014-freitas-portugal-military-academy,reports/openaccess/pt-2014-freitas-portugal-military-academy.pdf,85,"Portuguese Military Academy male cadets, year 2",Portugal,military,Cadets,M,2014,mass,Medio peso,kg,73.5,,,,,,A,"Appendix B Quadro 11: means only, no SD, n per year not printed (61 male cadets in total)"
pt-2014-freitas-portugal-military-academy,reports/openaccess/pt-2014-freitas-portugal-military-academy.pdf,85,"Portuguese Military Academy male cadets, year 2",Portugal,military,Cadets,M,2014,stature,Media altura,cm,1755.0,,,,,,A,"Appendix B Quadro 11: means only, no SD, n per year not printed (61 male cadets in total)"
pt-2014-freitas-portugal-military-academy,reports/openaccess/pt-2014-freitas-portugal-military-academy.pdf,85,"Portuguese Military Academy male cadets, year 3",Portugal,military,Cadets,M,2014,age,Media idade,years,21.6,,,,,,A,"Appendix B Quadro 11: means only, no SD, n per year not printed (61 male cadets in total)"
pt-2014-freitas-portugal-military-academy,reports/openaccess/pt-2014-freitas-portugal-military-academy.pdf,85,"Portuguese Military Academy male cadets, year 3",Portugal,military,Cadets,M,2014,mass,Medio peso,kg,73.8,,,,,,A,"Appendix B Quadro 11: means only, no SD, n per year not printed (61 male cadets in total)"
pt-2014-freitas-portugal-military-academy,reports/openaccess/pt-2014-freitas-portugal-military-academy.pdf,85,"Portuguese Military Academy male cadets, year 3",Portugal,military,Cadets,M,2014,stature,Media altura,cm,1772.0,,,,,,A,"Appendix B Quadro 11: means only, no SD, n per year not printed (61 male cadets in total)"
pt-2014-freitas-portugal-military-academy,reports/openaccess/pt-2014-freitas-portugal-military-academy.pdf,85,"Portuguese Military Academy male cadets, year 4",Portugal,military,Cadets,M,2014,age,Media idade,years,23.0,,,,,,A,"Appendix B Quadro 11: means only, no SD, n per year not printed (61 male cadets in total)"
pt-2014-freitas-portugal-military-academy,reports/openaccess/pt-2014-freitas-portugal-military-academy.pdf,85,"Portuguese Military Academy male cadets, year 4",Portugal,military,Cadets,M,2014,mass,Medio peso,kg,74.7,,,,,,A,"Appendix B Quadro 11: means only, no SD, n per year not printed (61 male cadets in total)"
pt-2014-freitas-portugal-military-academy,reports/openaccess/pt-2014-freitas-portugal-military-academy.pdf,85,"Portuguese Military Academy male cadets, year 4",Portugal,military,Cadets,M,2014,stature,Media altura,cm,1772.0,,,,,,A,"Appendix B Quadro 11: means only, no SD, n per year not printed (61 male cadets in total)"
pt-2014-freitas-portugal-military-academy,reports/openaccess/pt-2014-freitas-portugal-military-academy.pdf,85,"Portuguese Military Academy female cadets, year 1",Portugal,military,Cadets,F,2014,age,Media idade,years,19.6,,,,,,A,"Appendix B Quadro 12: means only, no SD, n per year not printed (17 female cadets in total)"
pt-2014-freitas-portugal-military-academy,reports/openaccess/pt-2014-freitas-portugal-military-academy.pdf,85,"Portuguese Military Academy female cadets, year 1",Portugal,military,Cadets,F,2014,mass,Media peso,kg,63.4,,,,,,A,"Appendix B Quadro 12: means only, no SD, n per year not printed (17 female cadets in total)"
pt-2014-freitas-portugal-military-academy,reports/openaccess/pt-2014-freitas-portugal-military-academy.pdf,85,"Portuguese Military Academy female cadets, year 1",Portugal,military,Cadets,F,2014,stature,Media altura,cm,1672.0,,,,,,A,"Appendix B Quadro 12: means only, no SD, n per year not printed (17 female cadets in total)"
pt-2014-freitas-portugal-military-academy,reports/openaccess/pt-2014-freitas-portugal-military-academy.pdf,85,"Portuguese Military Academy female cadets, year 2",Portugal,military,Cadets,F,2014,age,Media idade,years,19.5,,,,,,A,"Appendix B Quadro 12: means only, no SD, n per year not printed (17 female cadets in total)"
pt-2014-freitas-portugal-military-academy,reports/openaccess/pt-2014-freitas-portugal-military-academy.pdf,85,"Portuguese Military Academy female cadets, year 2",Portugal,military,Cadets,F,2014,mass,Media peso,kg,58.5,,,,,,A,"Appendix B Quadro 12: means only, no SD, n per year not printed (17 female cadets in total)"
pt-2014-freitas-portugal-military-academy,reports/openaccess/pt-2014-freitas-portugal-military-academy.pdf,85,"Portuguese Military Academy female cadets, year 2",Portugal,military,Cadets,F,2014,stature,Media altura,cm,1675.0,,,,,,A,"Appendix B Quadro 12: means only, no SD, n per year not printed (17 female cadets in total)"
pt-2014-freitas-portugal-military-academy,reports/openaccess/pt-2014-freitas-portugal-military-academy.pdf,85,"Portuguese Military Academy female cadets, year 3",Portugal,military,Cadets,F,2014,age,Media idade,years,21.3,,,,,,A,"Appendix B Quadro 12: means only, no SD, n per year not printed (17 female cadets in total)"
pt-2014-freitas-portugal-military-academy,reports/openaccess/pt-2014-freitas-portugal-military-academy.pdf,85,"Portuguese Military Academy female cadets, year 3",Portugal,military,Cadets,F,2014,mass,Media peso,kg,56.6,,,,,,A,"Appendix B Quadro 12: means only, no SD, n per year not printed (17 female cadets in total)"
pt-2014-freitas-portugal-military-academy,reports/openaccess/pt-2014-freitas-portugal-military-academy.pdf,85,"Portuguese Military Academy female cadets, year 3",Portugal,military,Cadets,F,2014,stature,Media altura,cm,1633.0,,,,,,A,"Appendix B Quadro 12: means only, no SD, n per year not printed (17 female cadets in total)"
pt-2014-freitas-portugal-military-academy,reports/openaccess/pt-2014-freitas-portugal-military-academy.pdf,85,"Portuguese Military Academy female cadets, year 4",Portugal,military,Cadets,F,2014,age,Media idade,years,22.8,,,,,,A,"Appendix B Quadro 12: means only, no SD, n per year not printed (17 female cadets in total)"
pt-2014-freitas-portugal-military-academy,reports/openaccess/pt-2014-freitas-portugal-military-academy.pdf,85,"Portuguese Military Academy female cadets, year 4",Portugal,military,Cadets,F,2014,mass,Media peso,kg,53.6,,,,,,A,"Appendix B Quadro 12: means only, no SD, n per year not printed (17 female cadets in total)"
pt-2014-freitas-portugal-military-academy,reports/openaccess/pt-2014-freitas-portugal-military-academy.pdf,85,"Portuguese Military Academy female cadets, year 4",Portugal,military,Cadets,F,2014,stature,Media altura,cm,1603.0,,,,,,A,"Appendix B Quadro 12: means only, no SD, n per year not printed (17 female cadets in total)"
pt-2016-morgado-brazil-sergeant-course,reports/openaccess/pt-2016-morgado-brazil-tfm.pdf,5,"Brazilian Army Sergeant Formation Course (CFS) basic-period students, Juiz de Fora, pre-test",Brazil,military,Recruits/trainees,M,,mass,Massa corporal,kg,73.9,11.5,27,,,,A,Rev Ed Fisica 85(4) 2016; Table 1 pre-test
pt-2016-morgado-brazil-sergeant-course,reports/openaccess/pt-2016-morgado-brazil-tfm.pdf,5,"Brazilian Army Sergeant Formation Course (CFS) basic-period students, Juiz de Fora, pre-test",Brazil,military,Recruits/trainees,M,,bmi,IMC,kg/m2,24.3,3.0,27,,,,A,Rev Ed Fisica 85(4) 2016; Table 1 pre-test
pt-2016-morgado-brazil-sergeant-course,reports/openaccess/pt-2016-morgado-brazil-tfm.pdf,5,"Brazilian Army Sergeant Formation Course (CFS) basic-period students, Juiz de Fora, pre-test",Brazil,military,Recruits/trainees,M,,other:body_fat_percent,Percentual de gordura,%,11.6,6.9,27,,,,A,Rev Ed Fisica 85(4) 2016; Table 1 pre-test; unit %
pt-2013-madureira-brazil-army-police-battalion,reports/openaccess/pt-2013-brazil-tfm-conscientiae.pdf,5,"Brazilian Army Police Battalion (Batalhao de Policia do Exercito) Pernambuco, newly incorporated young men, pre-training",Brazil,military,Recruits/trainees,M,,mass,Massa corporal,kg,70.2,10.2,47,,,,A,ConScientiae Saude 12(1) 2013; pre-TFM values from Results text
pt-2013-madureira-brazil-army-police-battalion,reports/openaccess/pt-2013-brazil-tfm-conscientiae.pdf,5,"Brazilian Army Police Battalion (Batalhao de Policia do Exercito) Pernambuco, newly incorporated young men, pre-training",Brazil,military,Recruits/trainees,M,,other:body_fat_percent,Gordura corporal relativa,%,11.4,6.9,47,,,,A,"ConScientiae Saude 12(1) 2013; pre-TFM values from Results text; skinfold estimate, unit %"
pt-2013-madureira-brazil-army-police-battalion,reports/openaccess/pt-2013-brazil-tfm-conscientiae.pdf,5,"Brazilian Army Police Battalion (Batalhao de Policia do Exercito) Pernambuco, newly incorporated young men, pre-training",Brazil,military,Recruits/trainees,M,,other:total_muscle_mass_kg,Massa muscular total,kg,33.3,2.8,47,,,,A,ConScientiae Saude 12(1) 2013; pre-TFM values from Results text
