slug,title,authors,year,journal,doi,url,pdf_url,local_pdf,license,country,population,n_reported,accessibility,rows_extracted,notes
pmc7767597-iran-military,Anthropometric Characteristics of Iranian Military Personnel and their Changes over Recent Years,Pourtaghi G; Valipour F; Sadeghialavi M; Lahmi M,2014,The International Journal of Occupational and Environmental Medicine,,https://pmc.ncbi.nlm.nih.gov/articles/PMC7767597/,,,https://creativecommons.org/licenses/by-nc/4.0/,Iran,Iranian ground-force personnel 18-30 y,12635,full text read,35,"Tables 1-2 with mean, SD, range, percentiles for 90 dimensions; 35 unambiguous dimensions + weight + BMI extracted; several printed percentile typos in the paper (e.g. elbow height sitting p95, functional leg length p75) were not used"
pmc4691302-iran-military-dexa,How Accurate Are the Anthropometry Equations in in Iranian Military Men in Predicting Body Composition?,Shakibaee A; Faghihzadeh S; Alishiri GH; Ebrahimpour Z; Faradjzadeh S; Sobhani V et al.,2015,Asian Journal of Sports Medicine,10.5812/asjsm.23206,https://pmc.ncbi.nlm.nih.gov/articles/PMC4691302/,,,https://creativecommons.org/licenses/by-nc/4.0/,Iran,"Iranian military men, Tehran",101,full text read,4,"Body-fat prediction equations vs DEXA; height, weight, BMI, DEXA %fat extracted; age omitted (text 35.5 vs table 35.8)"
pmc4592759-iran-recruits-mtss,Studying the Relation Between Medial Tibial Stress Syndrome and Anatomic and Anthropometric Characteristics of Military Male Personnel,Sobhani V; Shakibaee A; Khatibi Aghda A et al.,2015,Asian Journal of Sports Medicine,10.5812/asjsm.23811,https://pmc.ncbi.nlm.nih.gov/articles/PMC4592759/,,,,Iran,Iranian male army recruits,181,full text read,6,"MTSS case/control groups; age, height, weight per group"
pmc4921355-india-armed-forces,,Vaidya R; Bhalwar R; Bobdey S,2009,Medical Journal Armed Forces India,10.1016/S0377-1237(09)80090-7,https://pmc.ncbi.nlm.nih.gov/articles/PMC4921355/,,,PMC free access (Elsevier copyright),India,Serving male Armed Forces personnel 28-52 y,902,full text via summary only,0,"Tables 1-3 height/weight/BMI by age group (text obtained via WebFetch summary, consistent with abstract figures 171.01 cm, 70.16 kg, 20.52 kg/m2); n for 48-52 group not given; publisher copyright, PMC free full text (not CC) | EXCLUDED: figures came from a summary, and the tabulated BMI (20.5) contradicts weight/height^2 (about 24), so none of the values are used"
ijasm2025-india-armed-forces-surveillance,Anthropometric surveillance and obesity prevalence in Armed Force personnel: A cross-sectional study,Dutt M; Sakre MM; Gupta A; Tripathy NK,2025,Indian Journal of Aerospace Medicine,10.25259/IJASM_23_2025,https://indjaerospacemed.com/anthropometric-surveillance-and-obesity-prevalence-in-armed-force-personnel-a-cross-sectional-study/,https://indjaerospacemed.com/content/110/2025/69/2/pdf/IJASM-69-099.pdf,reports/openaccess/ijasm-2025-indian-armed-forces-anthropometric-surveillance.pdf,CC BY-NC-SA 4.0,India,"Armed Forces personnel, 9 centres, July 2023",1388,full text read,4,"Overall mean height, weight, umbilical girth, BMI only; subgroup SDs in paper are dispersion of group means so not extracted; PDF saved"
pmc11020664-germany-bundeswehr,Prevalence of obesity and associated health risks in soldiers of the German Armed Forces,Scheit L; Schroder J; Will S; Reer R; Hoffmann MA,2024,"Journal of Occupational Medicine and Toxicology (London, England)",10.1186/s12995-024-00411-y,https://pmc.ncbi.nlm.nih.gov/articles/PMC11020664/,,,https://creativecommons.org/licenses/by/4.0/,Germany,"Bundeswehr soldiers, health exams 2018-2022",40165,full text read,3,"Age, BMI, waist circumference mean/SD/median for pooled sample; sex-specific stats not tabulated"
pmc8909950-poland-armed-forces,Assessment of Risk Factors for Development of Overweight and Obesity among Soldiers of Polish Armed Forces Participating in the National Health Programme 2016–2020,Gazdzinska A; Jagielski P; Turczynska M et al.,2022,International Journal of Environmental Research and Public Health,10.3390/ijerph19053069,https://pmc.ncbi.nlm.nih.gov/articles/PMC8909950/,,,,Poland,"Polish Armed Forces soldiers (men), NHP 2016-2020",1096,full text read,4,Table 1 All column extracted; BMI-category subgroups not extracted
pmc10691415-poland-armed-forces-branches,"Evaluation of health behaviors of Polish Army soldiers in relation to demographic factors, body weight and type of armed forces",Gazdzinska A; Baran P; Turczynska M et al.,2023,International Journal of Occupational Medicine and Environmental Health,10.13075/ijomeh.1896.02114,https://pmc.ncbi.nlm.nih.gov/articles/PMC10691415/,,,CC BY-NC 3.0 PL,Poland,"Polish soldiers by branch (Air Force, Land, Warsaw Garrison, Navy, Special Forces, Territorial Defence)",1229,full text read,24,"Table 1 by branch: age, weight, height, BMI"
pmc10608823-poland-flying-personnel,Body Composition and Cardiovascular Risk: A Study of Polish Military Flying Personnel,Gazdzinska A; Gazdzinski P; Jagielski P; Kler P et al.,2023,Metabolites,10.3390/metabo13101102,https://pmc.ncbi.nlm.nih.gov/articles/PMC10608823/,,,https://creativecommons.org/licenses/by/4.0/,Poland,Polish Air Force military flying personnel (men),200,full text read,9,Table 1 total column: anthropometry and BIA body composition; waist and hip circumference included
pmc12772597-finland-soldiers,"Physical activity, physical fitness and cardiometabolic health among Finnish military workers",Pietilainen M; Parkkola K; Vasankari T et al.,2025,BMJ Military Health,10.1136/military-2024-002800,https://pmc.ncbi.nlm.nih.gov/articles/PMC12772597/,,,CC BY-NC 4.0,Finland,Finnish Defence Forces male soldiers and civilian staff,260,full text read,6,Table 2 male soldiers extracted (civilians and women not extracted)
pmc13331485-czech-artillery,Obesity and Health Risk Factors in Czech Artillery Soldiers,Simsa J; Musalek M; Sykora K et al.,2025,Military Medicine,10.1093/milmed/usaf600,https://pmc.ncbi.nlm.nih.gov/articles/PMC13331485/,,,CC BY (Military Medicine Open Access),Czech Republic,Czech Artillery Brigade soldiers,209,full text read,14,Table 1 men and women with DXA body composition
pmc6007356-swiss-conscripts,"Increasing variability of body mass and health correlates in Swiss conscripts, a possible role of relaxed natural selection?",Staub; Henneberg; Galassi; Eppenberger; Haeusler; Morozova et al.,2018,"Evolution, Medicine, and Public Health",10.1093/emph/eoy012,https://pmc.ncbi.nlm.nih.gov/articles/PMC6007356/,,,https://creativecommons.org/licenses/by/4.0/,Switzerland,"Swiss male conscripts 18-19 y, four eras",159504,full text read,12,"Table 1 height, weight, BMI by conscription era 1875-79, 1932-39, 1994, 2010-12 with P5/median/P95"
pmc6192153-brazil-army-cadets,"Can anthropometric, body composition, and bone variables be considered risk factors for musculoskeletal injuries in Brazilian military students?",Melloni MAS; De Almeida Avila J; Pascoa MA; De Oliveira Barbeta VJ; Cirolini VX; Goncalves EM et al.,2018,BMC Musculoskeletal Disorders,10.1186/s12891-018-2292-3,https://pmc.ncbi.nlm.nih.gov/articles/PMC6192153/,,,CC BY 4.0,Brazil,"Brazilian Army preparatory cadets (EsPCEx), males",205,full text read,7,Table 1 total sample; injured/non-injured splits not extracted
pmc8171865-chile-naval-cadets,Effects of a period without mandatory physical training on maximum oxygen uptake and anthropometric parameters in naval cadets,Huerta Ojeda A; Barahona-Fuentes G; Galdames Maliqueo S et al.,2021,PLoS ONE,10.1371/journal.pone.0251516,https://pmc.ncbi.nlm.nih.gov/articles/PMC8171865/,https://journals.plos.org/plosone/article/file?id=10.1371/journal.pone.0251516&type=printable,reports/openaccess/pmc8171865-chile-naval-cadets.pdf,CC BY 4.0,Chile,"Chilean Navy cadets, Arturo Prat Naval Academy",38,full text read,10,"Table 1 by sex; weight pre-test from Table 2; PDF saved (PLOS, CC BY)"
pmc11270323-angola-military-cadets,Effects of 34 Weeks of Military Service on Body Composition and Physical Fitness in Military Cadets of Angola,Coge M; Neiva HP; Pereira A et al.,2024,Journal of Functional Morphology and Kinesiology,10.3390/jfmk9030111,https://pmc.ncbi.nlm.nih.gov/articles/PMC11270323/,,,CC BY 4.0,Angola,Angolan military cadets (Instituto Superior Tecnico Militar),74,full text read,3,Pre-training values; sexes pooled
pmc7663089-taiwan-af-academy-student-pilots,Roles of Physiological Responses and Anthropometric Factors on the Gravitational Force Tolerance for Occupational Hypergravity Exposure,Tu MY; Chu H; Chen HH et al.,2020,International Journal of Environmental Research and Public Health,10.3390/ijerph17218061,https://pmc.ncbi.nlm.nih.gov/articles/PMC7663089/,,,CC BY 4.0,Taiwan,ROC Air Force Academy male student pilots,873,full text read,8,"Table 1 pass/fail groups (age, height, weight, BMI)"
pmc8620872-saudi-armed-forces-applicants,Recent Trends of Metabolic Syndrome and Its Components in Military Recruits from Saudi Arabia,Al-Shehri; Al-Asmari; Khan; Horaib; Al-Buraidi; Al-Sharif et al.,2021,Medicines,10.3390/medicines8110065,https://pmc.ncbi.nlm.nih.gov/articles/PMC8620872/,,,https://creativecommons.org/licenses/by/4.0/,Saudi Arabia,Saudi men applying to armed forces,2010,full text read,2,Only age and height extracted; printed weight/BMI/waist SDs and ranges are internally inconsistent (waist mean 65.7 with CI 76-79)
pmc13374411-swiss-conscripts-2006-2024,"Trends in physical fitness performance and body mass index of Swiss military conscripts, 2006–2024: a cross-sectional study",Stoican; Dossegger; Stanga et al.,2026,BMJ Open,10.1136/bmjopen-2026-116950,https://pmc.ncbi.nlm.nih.gov/articles/PMC13374411/,,,CC BY-NC 4.0,Switzerland,Swiss military conscripts and female volunteers 2006-2024,654971,full text read,0,"Only adjusted model means with CIs (BMI 23.2 in 2006), no raw mean/SD tables; nothing extracted"
pmc13346719-norway-conscripts,"Health literacy, dietary behavior and body mass index in male and female Norwegian conscripts. A cross-sectional study",Wesseltoft-Rao N; Rudjord Hillesund E; Overby NC et al.,2026,Journal of Public Health Research,10.1177/22799036261461038,https://pmc.ncbi.nlm.nih.gov/articles/PMC13346719/,,,https://creativecommons.org/licenses/by/4.0/,Norway,"Norwegian conscripts (1210 men, 1015 women)",2225,full text read,0,"Table gives mean and range only (height 183 M / 168 F cm, weight 81/66 kg), no SD; nothing extracted"
pmc12535166-lithuania-volunteer-forces,Prevalence and risk factors of low back pain among Lithuanian national defense volunteer forces,,2025,BMC Musculoskeletal Disorders,10.1186/s12891-025-09235-1,https://pmc.ncbi.nlm.nih.gov/articles/PMC12535166/,,,,Lithuania,National defence volunteer forces,272,full text read,0,Demographic tables categorical only; no anthropometric mean/SD
pmc9132859-korea-enlisted-bmi,Effects of military life on changes in body mass index of enlisted men: a cross-sectional study,Lee; Bae; Oh et al.,2022,BMJ Military Health,10.1136/bmjmilitary-2019-001401,https://pmc.ncbi.nlm.nih.gov/articles/PMC9132859/,,,https://creativecommons.org/licenses/by-nc/4.0/,South Korea,Korean enlisted men,1972,full text read,0,"Tables show BMI change by subgroup only; no absolute anthropometric means; authors Lee, Bae, Oh et al."
pmc8170814-spain-aeronautical,"Hydration status, body composition, and anxiety status in aeronautical military personnel from Spain: a cross-sectional study",Carretero-Krug A; Ubeda N; Velasco J et al.,2021,Military Medical Research,10.1186/s40779-021-00327-2,https://pmc.ncbi.nlm.nih.gov/articles/PMC8170814/,,,https://creativecommons.org/licenses/by/4.0/,Spain,Spanish aeronautical military men,188,full text read,0,Anthropometry only inside hydration-status comparisons (not extracted); low priority
pmc10572769-finland-navy,"Effects of 12-Month Training Intervention on Physical Fitness, Body Composition, and Health Markers in Finnish Navy Soldiers",Myllyla; Parkkola; Ojanen et al.,2023,Healthcare,10.3390/healthcare11192698,https://pmc.ncbi.nlm.nih.gov/articles/PMC10572769/,,,,Finland,Finnish Navy soldiers on missile patrol boats,77,full text read,0,Table 1 demographics give mean(SD) by control/intervention/team but sex composition not stated so not extracted
pmc12701076-korea-af-cadets,Morphological perspective of ergonomic implications of hand function and cartilage thickness in Air Force cadets,Lee KL; Jeong GM; Sung JY,2025,NPJ Microgravity,10.1038/s41526-025-00549-x,https://pmc.ncbi.nlm.nih.gov/articles/PMC12701076/,,,https://creativecommons.org/licenses/by-nc-nd/4.0/,South Korea,Korean Air Force Academy cadets,,full text read,0,Table 1 injury-history groups only (small n not verified); not extracted
pmc7922340-australia-heat-tolerance,"Individual Anthropometric, Aerobic Capacity and Demographic Characteristics as Predictors of Heat Intolerance in Military Populations",Alele FO; Malau-Aduli BS; Malau-Aduli AEO; Crowe MJ,2021,Medicina,10.3390/medicina57020173,https://pmc.ncbi.nlm.nih.gov/articles/PMC7922340/,,,https://creativecommons.org/licenses/by/4.0/,Australia,Australian Defence Force members and civilians (mixed),,full text read,0,"Mixed military/civilian, heat-tolerance groups; not extracted"
pmc10625793-saudi-medical-officers,The Impact of a 10-Week Military Training Course on Saudi Medical Recruits' Fitness and Physical Activity Levels,Alzahrani; Alyazedi et al.,2023,Cureus,10.7759/cureus.46593,https://pmc.ncbi.nlm.nih.gov/articles/PMC10625793/,,,,Saudi Arabia,Saudi military medical-officer freshmen,104,abstract only,0,Only intro/methods text read; tables were protocol tables; not extracted
oman-raf-recruits-cogent2016,Eastern bodies in western cockpits: An anthropometric study in the Oman military aviation,,2016,Cogent Engineering,10.1080/23311916.2016.1269384,https://www.tandfonline.com/doi/full/10.1080/23311916.2016.1269384,https://www.tandfonline.com/doi/pdf/10.1080/23311916.2016.1269384?needAccess=true,,CC BY (per OpenAlex/Unpaywall),Oman,Royal Air Force of Oman aviation recruits 2003-2012,2296,abstract only,0,"Publisher tandfonline blocks scripted access (403 / Cloudflare) for WebFetch and curl; only abstract-level facts from search (86% fit, 7% under 165 cm); OpenAlex reports gold OA (cc-by) but no readable copy reached; retry from a browser"
brazil-af-pilots-ergonomics2017,Anthropometry of Brazilian Air Force pilots,,2017,Ergonomics,10.1080/00140139.2017.1301575,https://pubmed.ncbi.nlm.nih.gov/28271959/,,,closed,Brazil,"Brazilian Air Force pilots (2133 M, 206 F)",2339,abstract only,0,Ergonomics 2017 is closed access (OpenAlex: closed); only abstract seen; a T-27 cockpit paper on academia.edu/researchgate returned 403
korea-helicopter-pilots-ergonomics2013,An anthropometric analysis of Korean male helicopter pilots for helicopter cockpit design,,2013,Ergonomics,10.1080/00140139.2013.776703,https://www.tandfonline.com/doi/full/10.1080/00140139.2013.776703,,,closed,South Korea,Korean male helicopter pilots,,abstract only,0,"Ergonomics 2013 tandfonline, closed; only abstract-level statements seen; 2008 JESK version at ocean.kisti.re.kr unreachable"
ethiopia-army-dsj2020,"Anthropometric Measurement and Comparative Analysis of Ethiopian Army Personnel Across Age, Ethnicity...",,2020,Defence Science Journal,10.14429/dsj.70.15435,https://publications.drdo.gov.in/ojs/index.php/dsj/article/view/15435,https://publications.drdo.gov.in/ojs/index.php/dsj/article/download/15435/7316,,CC BY-NC-ND 2.5 IN,Ethiopia,Ethiopian army personnel (male),,abstract only,0,"Defence Science Journal (CC BY-NC-ND 2.5 IN per Crossref) hosted on publications.drdo.gov.in, which the egress proxy blocks and WebFetch cannot resolve; only title/metadata; worth retrying"
chile-military-men-antropometricas,Caracteristicas antropometricas de personal militar masculino chileno,,,,,https://www.researchgate.net/publication/348405425_Caracteristicas_antropometricas_de_personal_militar_masculino_chileno,,,,Chile,Chilean male military personnel,,abstract only,0,ResearchGate page returned 403; only title seen from search; open copy not located
