source_id,source_file,page,population,country,population_type,service_role,sex,year_start,measure_key,measure_label,unit_original,mean,sd,n,p5,p50,p95,quality,notes
pmc7767597-iran-military,https://pmc.ncbi.nlm.nih.gov/articles/PMC7767597/,,Iranian military ground forces personnel,Iran,military,Tri-service,M,2010,stature,Stature,cm,1741.0,63.0,12635,1646.0,1739.0,1854.0,C,Iranian ground-force personnel 18-30 y (soldiers and staff); n = study total (per-measure n not printed); Table value in cm; NHANES-style method; year 2010 from paper Table 3
pmc7767597-iran-military,https://pmc.ncbi.nlm.nih.gov/articles/PMC7767597/,,Iranian military ground forces personnel,Iran,military,Tri-service,M,2010,cervicale_height,Cervical Height,cm,1479.0,59.0,12635,1389.0,1477.0,1580.0,C,Iranian ground-force personnel 18-30 y (soldiers and staff); n = study total (per-measure n not printed); Table value in cm; NHANES-style method; year 2010 from paper Table 3
pmc7767597-iran-military,https://pmc.ncbi.nlm.nih.gov/articles/PMC7767597/,,Iranian military ground forces personnel,Iran,military,Tri-service,M,2010,acromion_height,Shoulder (Acromion) Height,cm,1446.0,58.0,12635,1355.0,1446.0,1550.0,C,Iranian ground-force personnel 18-30 y (soldiers and staff); n = study total (per-measure n not printed); Table value in cm; NHANES-style method; year 2010 from paper Table 3
pmc7767597-iran-military,https://pmc.ncbi.nlm.nih.gov/articles/PMC7767597/,,Iranian military ground forces personnel,Iran,military,Tri-service,M,2010,crotch_height,Crotch Height Standing,cm,755.0,50.0,12635,677.0,754.0,840.0,C,Iranian ground-force personnel 18-30 y (soldiers and staff); n = study total (per-measure n not printed); Table value in cm; NHANES-style method; year 2010 from paper Table 3
pmc7767597-iran-military,https://pmc.ncbi.nlm.nih.gov/articles/PMC7767597/,,Iranian military ground forces personnel,Iran,military,Tri-service,M,2010,sitting_height,Sitting Rest Height,cm,897.0,38.0,12635,858.0,893.0,943.0,C,Iranian ground-force personnel 18-30 y (soldiers and staff); n = study total (per-measure n not printed); Table value in cm; NHANES-style method; year 2010 from paper Table 3
pmc7767597-iran-military,https://pmc.ncbi.nlm.nih.gov/articles/PMC7767597/,,Iranian military ground forces personnel,Iran,military,Tri-service,M,2010,eye_height_sitting,Eye Height Sitting Rest,cm,777.0,41.0,12635,732.0,777.0,829.0,C,Iranian ground-force personnel 18-30 y (soldiers and staff); n = study total (per-measure n not printed); Table value in cm; NHANES-style method; year 2010 from paper Table 3
pmc7767597-iran-military,https://pmc.ncbi.nlm.nih.gov/articles/PMC7767597/,,Iranian military ground forces personnel,Iran,military,Tri-service,M,2010,knee_height_sitting,Knee Height Sitting Rest,cm,545.0,33.0,12635,500.0,543.0,590.0,C,Iranian ground-force personnel 18-30 y (soldiers and staff); n = study total (per-measure n not printed); Table value in cm; NHANES-style method; year 2010 from paper Table 3
pmc7767597-iran-military,https://pmc.ncbi.nlm.nih.gov/articles/PMC7767597/,,Iranian military ground forces personnel,Iran,military,Tri-service,M,2010,popliteal_height,Popliteal Height Sitting Rest,cm,424.0,24.0,12635,390.0,423.0,460.0,C,Iranian ground-force personnel 18-30 y (soldiers and staff); n = study total (per-measure n not printed); Table value in cm; NHANES-style method; year 2010 from paper Table 3
pmc7767597-iran-military,https://pmc.ncbi.nlm.nih.gov/articles/PMC7767597/,,Iranian military ground forces personnel,Iran,military,Tri-service,M,2010,buttock_knee_length,Buttock-Knee Length,cm,572.0,34.0,12635,521.0,574.0,617.0,C,Iranian ground-force personnel 18-30 y (soldiers and staff); n = study total (per-measure n not printed); Table value in cm; NHANES-style method; year 2010 from paper Table 3
pmc7767597-iran-military,https://pmc.ncbi.nlm.nih.gov/articles/PMC7767597/,,Iranian military ground forces personnel,Iran,military,Tri-service,M,2010,buttock_popliteal_length,Buttock-Popliteal Length,cm,455.0,31.0,12635,406.0,455.0,506.0,C,Iranian ground-force personnel 18-30 y (soldiers and staff); n = study total (per-measure n not printed); Table value in cm; NHANES-style method; year 2010 from paper Table 3
pmc7767597-iran-military,https://pmc.ncbi.nlm.nih.gov/articles/PMC7767597/,,Iranian military ground forces personnel,Iran,military,Tri-service,M,2010,hip_breadth_sitting,Hip Breadth Sitting Rest,cm,355.0,32.0,12635,311.0,353.0,405.0,C,Iranian ground-force personnel 18-30 y (soldiers and staff); n = study total (per-measure n not printed); Table value in cm; NHANES-style method; year 2010 from paper Table 3
pmc7767597-iran-military,https://pmc.ncbi.nlm.nih.gov/articles/PMC7767597/,,Iranian military ground forces personnel,Iran,military,Tri-service,M,2010,shoulder_elbow_length,Shoulder Elbow Length,cm,366.0,25.0,12635,324.0,368.0,404.0,C,Iranian ground-force personnel 18-30 y (soldiers and staff); n = study total (per-measure n not printed); Table value in cm; NHANES-style method; year 2010 from paper Table 3
pmc7767597-iran-military,https://pmc.ncbi.nlm.nih.gov/articles/PMC7767597/,,Iranian military ground forces personnel,Iran,military,Tri-service,M,2010,chest_depth,Chest Depth,cm,214.0,27.0,12635,172.0,213.0,257.0,C,Iranian ground-force personnel 18-30 y (soldiers and staff); n = study total (per-measure n not printed); Table value in cm; NHANES-style method; year 2010 from paper Table 3
pmc7767597-iran-military,https://pmc.ncbi.nlm.nih.gov/articles/PMC7767597/,,Iranian military ground forces personnel,Iran,military,Tri-service,M,2010,head_circumference,Head Circumference,cm,557.0,28.0,12635,530.0,560.0,590.0,C,Iranian ground-force personnel 18-30 y (soldiers and staff); n = study total (per-measure n not printed); Table value in cm; NHANES-style method; year 2010 from paper Table 3
pmc7767597-iran-military,https://pmc.ncbi.nlm.nih.gov/articles/PMC7767597/,,Iranian military ground forces personnel,Iran,military,Tri-service,M,2010,neck_circumference,Neck Circumference,cm,363.0,28.0,12635,327.0,360.0,420.0,C,Iranian ground-force personnel 18-30 y (soldiers and staff); n = study total (per-measure n not printed); Table value in cm; NHANES-style method; year 2010 from paper Table 3
pmc7767597-iran-military,https://pmc.ncbi.nlm.nih.gov/articles/PMC7767597/,,Iranian military ground forces personnel,Iran,military,Tri-service,M,2010,shoulder_circumference,Shoulder Circumference,cm,1149.0,75.0,12635,1039.0,1142.0,1290.0,C,Iranian ground-force personnel 18-30 y (soldiers and staff); n = study total (per-measure n not printed); Table value in cm; NHANES-style method; year 2010 from paper Table 3
pmc7767597-iran-military,https://pmc.ncbi.nlm.nih.gov/articles/PMC7767597/,,Iranian military ground forces personnel,Iran,military,Tri-service,M,2010,chest_circumference,Chest Circumference,cm,936.0,74.0,12635,839.0,930.0,1080.0,C,Iranian ground-force personnel 18-30 y (soldiers and staff); n = study total (per-measure n not printed); Table value in cm; NHANES-style method; year 2010 from paper Table 3
pmc7767597-iran-military,https://pmc.ncbi.nlm.nih.gov/articles/PMC7767597/,,Iranian military ground forces personnel,Iran,military,Tri-service,M,2010,waist_circumference,Waist Circumference,cm,838.0,92.0,12635,710.0,820.0,1010.0,C,Iranian ground-force personnel 18-30 y (soldiers and staff); n = study total (per-measure n not printed); Table value in cm; NHANES-style method; year 2010 from paper Table 3
pmc7767597-iran-military,https://pmc.ncbi.nlm.nih.gov/articles/PMC7767597/,,Iranian military ground forces personnel,Iran,military,Tri-service,M,2010,other:hip_circumference,Hip Circumference,cm,972.0,65.0,12635,880.0,965.0,1097.0,C,Iranian ground-force personnel 18-30 y (soldiers and staff); n = study total (per-measure n not printed); Table value in cm; NHANES-style method; year 2010 from paper Table 3
pmc7767597-iran-military,https://pmc.ncbi.nlm.nih.gov/articles/PMC7767597/,,Iranian military ground forces personnel,Iran,military,Tri-service,M,2010,vertical_trunk_circumference,Vertical Trunk Circumference,cm,1719.0,93.0,12635,1570.0,1715.0,1880.0,C,Iranian ground-force personnel 18-30 y (soldiers and staff); n = study total (per-measure n not printed); Table value in cm; NHANES-style method; year 2010 from paper Table 3
pmc7767597-iran-military,https://pmc.ncbi.nlm.nih.gov/articles/PMC7767597/,,Iranian military ground forces personnel,Iran,military,Tri-service,M,2010,other:upper_arm_circumference_relaxed,Upper Arm Circumference Relaxed,cm,296.0,32.0,12635,250.0,290.0,360.0,C,Iranian ground-force personnel 18-30 y (soldiers and staff); n = study total (per-measure n not printed); Table value in cm; NHANES-style method; year 2010 from paper Table 3
pmc7767597-iran-military,https://pmc.ncbi.nlm.nih.gov/articles/PMC7767597/,,Iranian military ground forces personnel,Iran,military,Tri-service,M,2010,wrist_circumference,Wrist Circumference,cm,175.0,15.0,12635,158.0,175.0,194.0,C,Iranian ground-force personnel 18-30 y (soldiers and staff); n = study total (per-measure n not printed); Table value in cm; NHANES-style method; year 2010 from paper Table 3
pmc7767597-iran-military,https://pmc.ncbi.nlm.nih.gov/articles/PMC7767597/,,Iranian military ground forces personnel,Iran,military,Tri-service,M,2010,hand_circumference,Hand Circumference,cm,217.0,16.0,12635,195.0,218.0,240.0,C,Iranian ground-force personnel 18-30 y (soldiers and staff); n = study total (per-measure n not printed); Table value in cm; NHANES-style method; year 2010 from paper Table 3
pmc7767597-iran-military,https://pmc.ncbi.nlm.nih.gov/articles/PMC7767597/,,Iranian military ground forces personnel,Iran,military,Tri-service,M,2010,other:crotch_thigh_circumference,Crotch Thigh Circumference,cm,550.0,68.0,12635,460.0,540.0,666.0,C,Iranian ground-force personnel 18-30 y (soldiers and staff); n = study total (per-measure n not printed); Table value in cm; NHANES-style method; year 2010 from paper Table 3
pmc7767597-iran-military,https://pmc.ncbi.nlm.nih.gov/articles/PMC7767597/,,Iranian military ground forces personnel,Iran,military,Tri-service,M,2010,calf_circumference,Calf Circumference,cm,368.0,31.0,12635,320.0,370.0,420.0,C,Iranian ground-force personnel 18-30 y (soldiers and staff); n = study total (per-measure n not printed); Table value in cm; NHANES-style method; year 2010 from paper Table 3
pmc7767597-iran-military,https://pmc.ncbi.nlm.nih.gov/articles/PMC7767597/,,Iranian military ground forces personnel,Iran,military,Tri-service,M,2010,ankle_circumference,Ankle Circumference,cm,261.0,22.0,12635,230.0,260.0,295.0,C,Iranian ground-force personnel 18-30 y (soldiers and staff); n = study total (per-measure n not printed); Table value in cm; NHANES-style method; year 2010 from paper Table 3
pmc7767597-iran-military,https://pmc.ncbi.nlm.nih.gov/articles/PMC7767597/,,Iranian military ground forces personnel,Iran,military,Tri-service,M,2010,hand_length,Hand Length,cm,192.0,10.0,12635,177.0,193.0,208.0,C,Iranian ground-force personnel 18-30 y (soldiers and staff); n = study total (per-measure n not printed); Table value in cm; NHANES-style method; year 2010 from paper Table 3
pmc7767597-iran-military,https://pmc.ncbi.nlm.nih.gov/articles/PMC7767597/,,Iranian military ground forces personnel,Iran,military,Tri-service,M,2010,hand_breadth,Hand Breath,cm,84.0,6.0,12635,75.0,85.0,93.0,C,Iranian ground-force personnel 18-30 y (soldiers and staff); n = study total (per-measure n not printed); Table value in cm; NHANES-style method; year 2010 from paper Table 3
pmc7767597-iran-military,https://pmc.ncbi.nlm.nih.gov/articles/PMC7767597/,,Iranian military ground forces personnel,Iran,military,Tri-service,M,2010,head_length,Head Length,cm,191.0,14.0,12635,169.0,192.0,206.0,C,Iranian ground-force personnel 18-30 y (soldiers and staff); n = study total (per-measure n not printed); Table value in cm; NHANES-style method; year 2010 from paper Table 3
pmc7767597-iran-military,https://pmc.ncbi.nlm.nih.gov/articles/PMC7767597/,,Iranian military ground forces personnel,Iran,military,Tri-service,M,2010,head_breadth,Head Breadth,cm,153.0,11.0,12635,136.0,154.0,167.0,C,Iranian ground-force personnel 18-30 y (soldiers and staff); n = study total (per-measure n not printed); Table value in cm; NHANES-style method; year 2010 from paper Table 3
pmc7767597-iran-military,https://pmc.ncbi.nlm.nih.gov/articles/PMC7767597/,,Iranian military ground forces personnel,Iran,military,Tri-service,M,2010,interpupillary_breadth,Inter Pupillary Distance,cm,55.0,5.0,12635,47.0,56.0,62.0,C,Iranian ground-force personnel 18-30 y (soldiers and staff); n = study total (per-measure n not printed); Table value in cm; NHANES-style method; year 2010 from paper Table 3
pmc7767597-iran-military,https://pmc.ncbi.nlm.nih.gov/articles/PMC7767597/,,Iranian military ground forces personnel,Iran,military,Tri-service,M,2010,foot_length,Foot Length,cm,258.0,17.0,12635,236.0,258.0,280.0,C,Iranian ground-force personnel 18-30 y (soldiers and staff); n = study total (per-measure n not printed); Table value in cm; NHANES-style method; year 2010 from paper Table 3
pmc7767597-iran-military,https://pmc.ncbi.nlm.nih.gov/articles/PMC7767597/,,Iranian military ground forces personnel,Iran,military,Tri-service,M,2010,foot_breadth,Foot Breadth,cm,97.0,8.0,12635,84.0,98.0,109.0,C,Iranian ground-force personnel 18-30 y (soldiers and staff); n = study total (per-measure n not printed); Table value in cm; NHANES-style method; year 2010 from paper Table 3
pmc7767597-iran-military,https://pmc.ncbi.nlm.nih.gov/articles/PMC7767597/,,Iranian military ground forces personnel,Iran,military,Tri-service,M,2010,mass,Weight (kg),kg,70.0,9.0,12635,57.0,70.0,92.0,C,Iranian ground-force personnel 18-30 y (soldiers and staff); n = study total (per-measure n not printed); Table value in cm; NHANES-style method; year 2010 from paper Table 3
pmc7767597-iran-military,https://pmc.ncbi.nlm.nih.gov/articles/PMC7767597/,,Iranian military ground forces personnel,Iran,military,Tri-service,M,2010,bmi,BMI,kg/m2,23.3,,12635,,,,C,Mean BMI from Discussion text (no SD printed); Iranian ground-force personnel 18-30 y (soldiers and staff); n = study total (per-measure n not printed); Table value in cm; NHANES-style method; year 2010 from paper Table 3
pmc4691302-iran-military-dexa,https://pmc.ncbi.nlm.nih.gov/articles/PMC4691302/,,"Iranian military men (armor, ranger, staff) Tehran",Iran,military,Tri-service,M,,stature,Height,cm,1739.0,65.0,101,,,,C,n=101 volunteers aged 23-52; Table 2; height printed as m but values are cm
pmc4691302-iran-military-dexa,https://pmc.ncbi.nlm.nih.gov/articles/PMC4691302/,,"Iranian military men (armor, ranger, staff) Tehran",Iran,military,Tri-service,M,,mass,Weight,kg,81.5,11.7,101,,,,C,n=101 volunteers aged 23-52; Table 2; height printed as m but values are cm
pmc4691302-iran-military-dexa,https://pmc.ncbi.nlm.nih.gov/articles/PMC4691302/,,"Iranian military men (armor, ranger, staff) Tehran",Iran,military,Tri-service,M,,bmi,BMI,kg/m2,26.9,3.7,101,,,,C,n=101 volunteers aged 23-52; Table 2; height printed as m but values are cm
pmc4691302-iran-military-dexa,https://pmc.ncbi.nlm.nih.gov/articles/PMC4691302/,,"Iranian military men (armor, ranger, staff) Tehran",Iran,military,Tri-service,M,,other:body_fat_percent_dexa,Body fat (DEXA),%,21.2,4.3,101,,,,C,Percent body fat by DEXA; n=101 volunteers aged 23-52; Table 2; height printed as m but values are cm
pmc4592759-iran-recruits-mtss,https://pmc.ncbi.nlm.nih.gov/articles/PMC4592759/,,"Iranian army recruits, Normal (control) group",Iran,military,Recruits/trainees,M,,age,"Age, y",years,30.26,4.83,151,,,,C,"Cross-sectional sample of 181 military male recruits; groups defined by medial tibial stress syndrome (n=151 control, n=30 MTSS; control n derived as 181-30)"
pmc4592759-iran-recruits-mtss,https://pmc.ncbi.nlm.nih.gov/articles/PMC4592759/,,"Iranian army recruits, Normal (control) group",Iran,military,Recruits/trainees,M,,stature,"Height, cm",cm,1744.0,78.4,151,,,,C,"Cross-sectional sample of 181 military male recruits; groups defined by medial tibial stress syndrome (n=151 control, n=30 MTSS; control n derived as 181-30)"
pmc4592759-iran-recruits-mtss,https://pmc.ncbi.nlm.nih.gov/articles/PMC4592759/,,"Iranian army recruits, Normal (control) group",Iran,military,Recruits/trainees,M,,mass,"Weight, kg",kg,83.1,17.48,151,,,,C,"Cross-sectional sample of 181 military male recruits; groups defined by medial tibial stress syndrome (n=151 control, n=30 MTSS; control n derived as 181-30)"
pmc4592759-iran-recruits-mtss,https://pmc.ncbi.nlm.nih.gov/articles/PMC4592759/,,"Iranian army recruits, MTSS group",Iran,military,Recruits/trainees,M,,age,"Age, y",years,29.52,3.88,30,,,,C,"Cross-sectional sample of 181 military male recruits; groups defined by medial tibial stress syndrome (n=151 control, n=30 MTSS; control n derived as 181-30)"
pmc4592759-iran-recruits-mtss,https://pmc.ncbi.nlm.nih.gov/articles/PMC4592759/,,"Iranian army recruits, MTSS group",Iran,military,Recruits/trainees,M,,stature,"Height, cm",cm,1737.6,65.8,30,,,,C,"Cross-sectional sample of 181 military male recruits; groups defined by medial tibial stress syndrome (n=151 control, n=30 MTSS; control n derived as 181-30)"
pmc4592759-iran-recruits-mtss,https://pmc.ncbi.nlm.nih.gov/articles/PMC4592759/,,"Iranian army recruits, MTSS group",Iran,military,Recruits/trainees,M,,mass,"Weight, kg",kg,80.2,11.63,30,,,,C,"Cross-sectional sample of 181 military male recruits; groups defined by medial tibial stress syndrome (n=151 control, n=30 MTSS; control n derived as 181-30)"
ijasm2025-india-armed-forces-surveillance,reports/openaccess/ijasm-2025-indian-armed-forces-anthropometric-surveillance.pdf,2,"Indian Armed Forces personnel (9 centres, every 10th person)",India,military,Tri-service,both,2023,stature,Average height,cm,1714.0,,1388,,,,C,"Overall means from Results text, no subject-level SD printed (the paper SDs are dispersion of subgroup means, not used); sex not stated; measured July 2023; page 2"
ijasm2025-india-armed-forces-surveillance,reports/openaccess/ijasm-2025-indian-armed-forces-anthropometric-surveillance.pdf,2,"Indian Armed Forces personnel (9 centres, every 10th person)",India,military,Tri-service,both,2023,mass,Average weight,kg,71.2,,1388,,,,C,"Overall means from Results text, no subject-level SD printed (the paper SDs are dispersion of subgroup means, not used); sex not stated; measured July 2023; page 2"
ijasm2025-india-armed-forces-surveillance,reports/openaccess/ijasm-2025-indian-armed-forces-anthropometric-surveillance.pdf,2,"Indian Armed Forces personnel (9 centres, every 10th person)",India,military,Tri-service,both,2023,waist_circumference,Abdominal girth at umbilicus,cm,849.0,,1388,,,,C,"Overall means from Results text, no subject-level SD printed (the paper SDs are dispersion of subgroup means, not used); sex not stated; measured July 2023; page 2; measured at the umbilicus"
ijasm2025-india-armed-forces-surveillance,reports/openaccess/ijasm-2025-indian-armed-forces-anthropometric-surveillance.pdf,2,"Indian Armed Forces personnel (9 centres, every 10th person)",India,military,Tri-service,both,2023,bmi,Mean BMI,kg/m2,24.18,,1388,,,,C,"Overall means from Results text, no subject-level SD printed (the paper SDs are dispersion of subgroup means, not used); sex not stated; measured July 2023; page 2"
pmc11020664-germany-bundeswehr,https://pmc.ncbi.nlm.nih.gov/articles/PMC11020664/,,"German Armed Forces (Bundeswehr) soldiers, mandatory health exams 2018-2022",Germany,military,Tri-service,both,2018,age,Age (y),years,34.2,8.7,40165,,33.0,,C,"n=40,165 soldiers with complete data (89.6% male, 10.4% female); Table 1; sexes pooled; median from percentile row"
pmc11020664-germany-bundeswehr,https://pmc.ncbi.nlm.nih.gov/articles/PMC11020664/,,"German Armed Forces (Bundeswehr) soldiers, mandatory health exams 2018-2022",Germany,military,Tri-service,both,2018,bmi,BMI,kg/m2,26.8,3.7,40165,,26.3,,C,"n=40,165 soldiers with complete data (89.6% male, 10.4% female); Table 1; sexes pooled; median from percentile row"
pmc11020664-germany-bundeswehr,https://pmc.ncbi.nlm.nih.gov/articles/PMC11020664/,,"German Armed Forces (Bundeswehr) soldiers, mandatory health exams 2018-2022",Germany,military,Tri-service,both,2018,waist_circumference,Waist (cm),cm,921.0,114.0,40165,,910.0,,C,"n=40,165 soldiers with complete data (89.6% male, 10.4% female); Table 1; sexes pooled; median from percentile row"
pmc8909950-poland-armed-forces,https://pmc.ncbi.nlm.nih.gov/articles/PMC8909950/,,"Polish Armed Forces soldiers, National Health Programme 2016-2020",Poland,military,Tri-service,M,2018,age,Age (years),years,36.31,8.03,1096,,,,C,"n=1096 Caucasian men (Navy 370, Land Forces 283, Air Force 184, Garrison Warsaw 86, Territorial Defence 41), measured Apr 2018-Oct 2020; Table 1 All column"
pmc8909950-poland-armed-forces,https://pmc.ncbi.nlm.nih.gov/articles/PMC8909950/,,"Polish Armed Forces soldiers, National Health Programme 2016-2020",Poland,military,Tri-service,M,2018,mass,Body weight (kg),kg,84.94,14.84,1096,,,,C,"n=1096 Caucasian men (Navy 370, Land Forces 283, Air Force 184, Garrison Warsaw 86, Territorial Defence 41), measured Apr 2018-Oct 2020; Table 1 All column"
pmc8909950-poland-armed-forces,https://pmc.ncbi.nlm.nih.gov/articles/PMC8909950/,,"Polish Armed Forces soldiers, National Health Programme 2016-2020",Poland,military,Tri-service,M,2018,stature,Height (cm),cm,1775.6,73.5,1096,,,,C,"n=1096 Caucasian men (Navy 370, Land Forces 283, Air Force 184, Garrison Warsaw 86, Territorial Defence 41), measured Apr 2018-Oct 2020; Table 1 All column"
pmc8909950-poland-armed-forces,https://pmc.ncbi.nlm.nih.gov/articles/PMC8909950/,,"Polish Armed Forces soldiers, National Health Programme 2016-2020",Poland,military,Tri-service,M,2018,bmi,BMI,kg/m2,26.85,3.95,1096,,,,C,"n=1096 Caucasian men (Navy 370, Land Forces 283, Air Force 184, Garrison Warsaw 86, Territorial Defence 41), measured Apr 2018-Oct 2020; Table 1 All column"
pmc10691415-poland-armed-forces-branches,https://pmc.ncbi.nlm.nih.gov/articles/PMC10691415/,,"Polish Armed Forces soldiers, Air Force",Poland,military,Air Force,both,2018,age,Age [years],years,36.8,8.1,191,,,,C,"Table 1, Apr 2018-Oct 2020, National Health Programme volunteers (total N=1229); sex composition not stated; branch n as printed"
pmc10691415-poland-armed-forces-branches,https://pmc.ncbi.nlm.nih.gov/articles/PMC10691415/,,"Polish Armed Forces soldiers, Air Force",Poland,military,Air Force,both,2018,mass,Body weight [kg],kg,84.7,13.1,191,,,,C,"Table 1, Apr 2018-Oct 2020, National Health Programme volunteers (total N=1229); sex composition not stated; branch n as printed"
pmc10691415-poland-armed-forces-branches,https://pmc.ncbi.nlm.nih.gov/articles/PMC10691415/,,"Polish Armed Forces soldiers, Air Force",Poland,military,Air Force,both,2018,stature,Height [cm],cm,1780.0,59.0,191,,,,C,"Table 1, Apr 2018-Oct 2020, National Health Programme volunteers (total N=1229); sex composition not stated; branch n as printed"
pmc10691415-poland-armed-forces-branches,https://pmc.ncbi.nlm.nih.gov/articles/PMC10691415/,,"Polish Armed Forces soldiers, Air Force",Poland,military,Air Force,both,2018,bmi,BMI [kg/m2],kg/m2,26.7,3.6,191,,,,C,"Table 1, Apr 2018-Oct 2020, National Health Programme volunteers (total N=1229); sex composition not stated; branch n as printed"
pmc10691415-poland-armed-forces-branches,https://pmc.ncbi.nlm.nih.gov/articles/PMC10691415/,,"Polish Armed Forces soldiers, Land Forces",Poland,military,Army,both,2018,age,Age [years],years,38.0,8.1,320,,,,C,"Table 1, Apr 2018-Oct 2020, National Health Programme volunteers (total N=1229); sex composition not stated; branch n as printed"
pmc10691415-poland-armed-forces-branches,https://pmc.ncbi.nlm.nih.gov/articles/PMC10691415/,,"Polish Armed Forces soldiers, Land Forces",Poland,military,Army,both,2018,mass,Body weight [kg],kg,85.0,16.6,320,,,,C,"Table 1, Apr 2018-Oct 2020, National Health Programme volunteers (total N=1229); sex composition not stated; branch n as printed"
pmc10691415-poland-armed-forces-branches,https://pmc.ncbi.nlm.nih.gov/articles/PMC10691415/,,"Polish Armed Forces soldiers, Land Forces",Poland,military,Army,both,2018,stature,Height [cm],cm,1764.0,80.0,320,,,,C,"Table 1, Apr 2018-Oct 2020, National Health Programme volunteers (total N=1229); sex composition not stated; branch n as printed"
pmc10691415-poland-armed-forces-branches,https://pmc.ncbi.nlm.nih.gov/articles/PMC10691415/,,"Polish Armed Forces soldiers, Land Forces",Poland,military,Army,both,2018,bmi,BMI [kg/m2],kg/m2,27.2,4.5,320,,,,C,"Table 1, Apr 2018-Oct 2020, National Health Programme volunteers (total N=1229); sex composition not stated; branch n as printed"
pmc10691415-poland-armed-forces-branches,https://pmc.ncbi.nlm.nih.gov/articles/PMC10691415/,,"Polish Armed Forces soldiers, Warsaw Garrison Command",Poland,military,Tri-service,both,2018,age,Age [years],years,39.7,7.4,97,,,,C,"Table 1, Apr 2018-Oct 2020, National Health Programme volunteers (total N=1229); sex composition not stated; branch n as printed"
pmc10691415-poland-armed-forces-branches,https://pmc.ncbi.nlm.nih.gov/articles/PMC10691415/,,"Polish Armed Forces soldiers, Warsaw Garrison Command",Poland,military,Tri-service,both,2018,mass,Body weight [kg],kg,84.5,15.9,97,,,,C,"Table 1, Apr 2018-Oct 2020, National Health Programme volunteers (total N=1229); sex composition not stated; branch n as printed"
pmc10691415-poland-armed-forces-branches,https://pmc.ncbi.nlm.nih.gov/articles/PMC10691415/,,"Polish Armed Forces soldiers, Warsaw Garrison Command",Poland,military,Tri-service,both,2018,stature,Height [cm],cm,1771.0,80.0,97,,,,C,"Table 1, Apr 2018-Oct 2020, National Health Programme volunteers (total N=1229); sex composition not stated; branch n as printed"
pmc10691415-poland-armed-forces-branches,https://pmc.ncbi.nlm.nih.gov/articles/PMC10691415/,,"Polish Armed Forces soldiers, Warsaw Garrison Command",Poland,military,Tri-service,both,2018,bmi,BMI [kg/m2],kg/m2,26.8,4.2,97,,,,C,"Table 1, Apr 2018-Oct 2020, National Health Programme volunteers (total N=1229); sex composition not stated; branch n as printed"
pmc10691415-poland-armed-forces-branches,https://pmc.ncbi.nlm.nih.gov/articles/PMC10691415/,,"Polish Armed Forces soldiers, Navy",Poland,military,Navy,both,2018,age,Age [years],years,34.4,7.6,397,,,,C,"Table 1, Apr 2018-Oct 2020, National Health Programme volunteers (total N=1229); sex composition not stated; branch n as printed"
pmc10691415-poland-armed-forces-branches,https://pmc.ncbi.nlm.nih.gov/articles/PMC10691415/,,"Polish Armed Forces soldiers, Navy",Poland,military,Navy,both,2018,mass,Body weight [kg],kg,83.3,14.9,397,,,,C,"Table 1, Apr 2018-Oct 2020, National Health Programme volunteers (total N=1229); sex composition not stated; branch n as printed"
pmc10691415-poland-armed-forces-branches,https://pmc.ncbi.nlm.nih.gov/articles/PMC10691415/,,"Polish Armed Forces soldiers, Navy",Poland,military,Navy,both,2018,stature,Height [cm],cm,1770.0,79.0,397,,,,C,"Table 1, Apr 2018-Oct 2020, National Health Programme volunteers (total N=1229); sex composition not stated; branch n as printed"
pmc10691415-poland-armed-forces-branches,https://pmc.ncbi.nlm.nih.gov/articles/PMC10691415/,,"Polish Armed Forces soldiers, Navy",Poland,military,Navy,both,2018,bmi,BMI [kg/m2],kg/m2,26.5,4.1,397,,,,C,"Table 1, Apr 2018-Oct 2020, National Health Programme volunteers (total N=1229); sex composition not stated; branch n as printed"
pmc10691415-poland-armed-forces-branches,https://pmc.ncbi.nlm.nih.gov/articles/PMC10691415/,,"Polish Armed Forces soldiers, Special Forces",Poland,military,Tri-service,both,2018,age,Age [years],years,35.0,6.1,163,,,,C,"Table 1, Apr 2018-Oct 2020, National Health Programme volunteers (total N=1229); sex composition not stated; branch n as printed"
pmc10691415-poland-armed-forces-branches,https://pmc.ncbi.nlm.nih.gov/articles/PMC10691415/,,"Polish Armed Forces soldiers, Special Forces",Poland,military,Tri-service,both,2018,mass,Body weight [kg],kg,84.8,11.3,163,,,,C,"Table 1, Apr 2018-Oct 2020, National Health Programme volunteers (total N=1229); sex composition not stated; branch n as printed"
pmc10691415-poland-armed-forces-branches,https://pmc.ncbi.nlm.nih.gov/articles/PMC10691415/,,"Polish Armed Forces soldiers, Special Forces",Poland,military,Tri-service,both,2018,stature,Height [cm],cm,1793.0,67.0,163,,,,C,"Table 1, Apr 2018-Oct 2020, National Health Programme volunteers (total N=1229); sex composition not stated; branch n as printed"
pmc10691415-poland-armed-forces-branches,https://pmc.ncbi.nlm.nih.gov/articles/PMC10691415/,,"Polish Armed Forces soldiers, Special Forces",Poland,military,Tri-service,both,2018,bmi,BMI [kg/m2],kg/m2,26.3,2.7,163,,,,C,"Table 1, Apr 2018-Oct 2020, National Health Programme volunteers (total N=1229); sex composition not stated; branch n as printed"
pmc10691415-poland-armed-forces-branches,https://pmc.ncbi.nlm.nih.gov/articles/PMC10691415/,,"Polish Armed Forces soldiers, Territorial Defence Forces",Poland,military,Tri-service,both,2018,age,Age [years],years,38.6,8.6,61,,,,C,"Table 1, Apr 2018-Oct 2020, National Health Programme volunteers (total N=1229); sex composition not stated; branch n as printed"
pmc10691415-poland-armed-forces-branches,https://pmc.ncbi.nlm.nih.gov/articles/PMC10691415/,,"Polish Armed Forces soldiers, Territorial Defence Forces",Poland,military,Tri-service,both,2018,mass,Body weight [kg],kg,88.6,20.5,61,,,,C,"Table 1, Apr 2018-Oct 2020, National Health Programme volunteers (total N=1229); sex composition not stated; branch n as printed"
pmc10691415-poland-armed-forces-branches,https://pmc.ncbi.nlm.nih.gov/articles/PMC10691415/,,"Polish Armed Forces soldiers, Territorial Defence Forces",Poland,military,Tri-service,both,2018,stature,Height [cm],cm,1758.0,94.0,61,,,,C,"Table 1, Apr 2018-Oct 2020, National Health Programme volunteers (total N=1229); sex composition not stated; branch n as printed"
pmc10691415-poland-armed-forces-branches,https://pmc.ncbi.nlm.nih.gov/articles/PMC10691415/,,"Polish Armed Forces soldiers, Territorial Defence Forces",Poland,military,Tri-service,both,2018,bmi,BMI [kg/m2],kg/m2,28.4,4.8,61,,,,C,"Table 1, Apr 2018-Oct 2020, National Health Programme volunteers (total N=1229); sex composition not stated; branch n as printed"
pmc10608823-poland-flying-personnel,https://pmc.ncbi.nlm.nih.gov/articles/PMC10608823/,,Polish Air Force military flying personnel,Poland,military,Aircrew,M,,age,Age (years),years,37.8,8.5,200,,,,C,n=200 men; Table 1 Total column; bioimpedance body composition; year not stated
pmc10608823-poland-flying-personnel,https://pmc.ncbi.nlm.nih.gov/articles/PMC10608823/,,Polish Air Force military flying personnel,Poland,military,Aircrew,M,,stature,Height (cm),cm,1782.0,64.0,200,,,,C,n=200 men; Table 1 Total column; bioimpedance body composition; year not stated
pmc10608823-poland-flying-personnel,https://pmc.ncbi.nlm.nih.gov/articles/PMC10608823/,,Polish Air Force military flying personnel,Poland,military,Aircrew,M,,mass,Weight (kg),kg,85.1,13.4,200,,,,C,n=200 men; Table 1 Total column; bioimpedance body composition; year not stated
pmc10608823-poland-flying-personnel,https://pmc.ncbi.nlm.nih.gov/articles/PMC10608823/,,Polish Air Force military flying personnel,Poland,military,Aircrew,M,,bmi,BMI (kg/m2),kg/m2,26.7,3.7,200,,,,C,n=200 men; Table 1 Total column; bioimpedance body composition; year not stated
pmc10608823-poland-flying-personnel,https://pmc.ncbi.nlm.nih.gov/articles/PMC10608823/,,Polish Air Force military flying personnel,Poland,military,Aircrew,M,,other:fat_mass,FM (kg),kg,18.2,7.8,200,,,,C,n=200 men; Table 1 Total column; bioimpedance body composition; year not stated
pmc10608823-poland-flying-personnel,https://pmc.ncbi.nlm.nih.gov/articles/PMC10608823/,,Polish Air Force military flying personnel,Poland,military,Aircrew,M,,other:body_fat_percent,PBF (%),%,20.8,6.2,200,,,,C,n=200 men; Table 1 Total column; bioimpedance body composition; year not stated; percent
pmc10608823-poland-flying-personnel,https://pmc.ncbi.nlm.nih.gov/articles/PMC10608823/,,Polish Air Force military flying personnel,Poland,military,Aircrew,M,,other:fat_free_mass,FFM (kg),kg,66.9,8.7,200,,,,C,n=200 men; Table 1 Total column; bioimpedance body composition; year not stated
pmc10608823-poland-flying-personnel,https://pmc.ncbi.nlm.nih.gov/articles/PMC10608823/,,Polish Air Force military flying personnel,Poland,military,Aircrew,M,,waist_circumference,WC (cm),cm,934.0,108.0,200,,,,C,n=200 men; Table 1 Total column; bioimpedance body composition; year not stated
pmc10608823-poland-flying-personnel,https://pmc.ncbi.nlm.nih.gov/articles/PMC10608823/,,Polish Air Force military flying personnel,Poland,military,Aircrew,M,,other:hip_circumference,HC (cm),cm,1010.0,96.0,200,,,,C,n=200 men; Table 1 Total column; bioimpedance body composition; year not stated
pmc12772597-finland-soldiers,https://pmc.ncbi.nlm.nih.gov/articles/PMC12772597/,,Finnish Defence Forces male soldiers (six brigades),Finland,military,Cadre/other military,M,,age,Age (years),years,40,8,176,,,,C,"Table 2 male soldiers; voluntary sample, BIA body composition; year not stated"
pmc12772597-finland-soldiers,https://pmc.ncbi.nlm.nih.gov/articles/PMC12772597/,,Finnish Defence Forces male soldiers (six brigades),Finland,military,Cadre/other military,M,,stature,Height (cm),cm,1796.0,63.0,173,,,,C,"Table 2 male soldiers; voluntary sample, BIA body composition; year not stated"
pmc12772597-finland-soldiers,https://pmc.ncbi.nlm.nih.gov/articles/PMC12772597/,,Finnish Defence Forces male soldiers (six brigades),Finland,military,Cadre/other military,M,,mass,Body mass (kg),kg,87.6,13.8,173,,,,C,"Table 2 male soldiers; voluntary sample, BIA body composition; year not stated"
pmc12772597-finland-soldiers,https://pmc.ncbi.nlm.nih.gov/articles/PMC12772597/,,Finnish Defence Forces male soldiers (six brigades),Finland,military,Cadre/other military,M,,bmi,Body mass index (kg/m2),kg/m2,27.1,3.9,173,,,,C,"Table 2 male soldiers; voluntary sample, BIA body composition; year not stated"
pmc12772597-finland-soldiers,https://pmc.ncbi.nlm.nih.gov/articles/PMC12772597/,,Finnish Defence Forces male soldiers (six brigades),Finland,military,Cadre/other military,M,,other:body_fat_percent,Fat percentage (%),%,20.8,7.4,161,,,,C,"Table 2 male soldiers; voluntary sample, BIA body composition; year not stated"
pmc12772597-finland-soldiers,https://pmc.ncbi.nlm.nih.gov/articles/PMC12772597/,,Finnish Defence Forces male soldiers (six brigades),Finland,military,Cadre/other military,M,,waist_circumference,Waist circumference (cm),cm,943.0,114.0,163,,,,C,"Table 2 male soldiers; voluntary sample, BIA body composition; year not stated"
pmc13331485-czech-artillery,https://pmc.ncbi.nlm.nih.gov/articles/PMC13331485/,,Czech Artillery Brigade soldiers,Czech Republic,military,Army,M,,age,Age (years),years,31.5,6.5,189,,,,C,DXA body composition (Hologic); Table 1; year not stated
pmc13331485-czech-artillery,https://pmc.ncbi.nlm.nih.gov/articles/PMC13331485/,,Czech Artillery Brigade soldiers,Czech Republic,military,Army,M,,stature,Height (cm),cm,1796.0,68.0,189,,,,C,DXA body composition (Hologic); Table 1; year not stated
pmc13331485-czech-artillery,https://pmc.ncbi.nlm.nih.gov/articles/PMC13331485/,,Czech Artillery Brigade soldiers,Czech Republic,military,Army,M,,mass,Weight (kg),kg,85.3,12.7,189,,,,C,DXA body composition (Hologic); Table 1; year not stated
pmc13331485-czech-artillery,https://pmc.ncbi.nlm.nih.gov/articles/PMC13331485/,,Czech Artillery Brigade soldiers,Czech Republic,military,Army,M,,bmi,BMI (kg/m2),kg/m2,26.4,3.3,189,,,,C,DXA body composition (Hologic); Table 1; year not stated
pmc13331485-czech-artillery,https://pmc.ncbi.nlm.nih.gov/articles/PMC13331485/,,Czech Artillery Brigade soldiers,Czech Republic,military,Army,M,,other:body_fat_percent,BF (%),%,24.3,3.8,189,,,,C,DXA body composition (Hologic); Table 1; year not stated
pmc13331485-czech-artillery,https://pmc.ncbi.nlm.nih.gov/articles/PMC13331485/,,Czech Artillery Brigade soldiers,Czech Republic,military,Army,M,,other:fat_free_mass,FFM (kg),kg,64.4,8.3,189,,,,C,DXA body composition (Hologic); Table 1; year not stated
pmc13331485-czech-artillery,https://pmc.ncbi.nlm.nih.gov/articles/PMC13331485/,,Czech Artillery Brigade soldiers,Czech Republic,military,Army,M,,other:visceral_adipose_tissue_area,VAT (cm2),cm2,77.0,24.0,189,,,,C,DXA body composition (Hologic); Table 1; year not stated; VAT unit cm2 as printed
pmc13331485-czech-artillery,https://pmc.ncbi.nlm.nih.gov/articles/PMC13331485/,,Czech Artillery Brigade soldiers,Czech Republic,military,Army,F,,age,Age (years),years,32.1,5.3,20,,,,C,DXA body composition (Hologic); Table 1; year not stated
pmc13331485-czech-artillery,https://pmc.ncbi.nlm.nih.gov/articles/PMC13331485/,,Czech Artillery Brigade soldiers,Czech Republic,military,Army,F,,stature,Height (cm),cm,1664.0,55.0,20,,,,C,DXA body composition (Hologic); Table 1; year not stated
pmc13331485-czech-artillery,https://pmc.ncbi.nlm.nih.gov/articles/PMC13331485/,,Czech Artillery Brigade soldiers,Czech Republic,military,Army,F,,mass,Weight (kg),kg,68.1,12.4,20,,,,C,DXA body composition (Hologic); Table 1; year not stated
pmc13331485-czech-artillery,https://pmc.ncbi.nlm.nih.gov/articles/PMC13331485/,,Czech Artillery Brigade soldiers,Czech Republic,military,Army,F,,bmi,BMI (kg/m2),kg/m2,24.7,4.8,20,,,,C,DXA body composition (Hologic); Table 1; year not stated
pmc13331485-czech-artillery,https://pmc.ncbi.nlm.nih.gov/articles/PMC13331485/,,Czech Artillery Brigade soldiers,Czech Republic,military,Army,F,,other:body_fat_percent,BF (%),%,33.8,5.4,20,,,,C,DXA body composition (Hologic); Table 1; year not stated
pmc13331485-czech-artillery,https://pmc.ncbi.nlm.nih.gov/articles/PMC13331485/,,Czech Artillery Brigade soldiers,Czech Republic,military,Army,F,,other:fat_free_mass,FFM (kg),kg,44.6,5.6,20,,,,C,DXA body composition (Hologic); Table 1; year not stated
pmc13331485-czech-artillery,https://pmc.ncbi.nlm.nih.gov/articles/PMC13331485/,,Czech Artillery Brigade soldiers,Czech Republic,military,Army,F,,other:visceral_adipose_tissue_area,VAT (cm2),cm2,51.0,30.4,20,,,,C,DXA body composition (Hologic); Table 1; year not stated; VAT unit cm2 as printed
pmc6007356-swiss-conscripts,https://pmc.ncbi.nlm.nih.gov/articles/PMC6007356/,,"Swiss male conscripts aged 18-19, conscription 1875-79",Switzerland,military,Recruits/trainees,M,1875,stature,Height (cm),cm,1648.1,70.0,7937,1530.0,1650.0,1760.0,C,Table 1; year of conscription 1875-79; p50 = median
pmc6007356-swiss-conscripts,https://pmc.ncbi.nlm.nih.gov/articles/PMC6007356/,,"Swiss male conscripts aged 18-19, conscription 1875-79",Switzerland,military,Recruits/trainees,M,1875,mass,Weight (kg),kg,56.18,7.47,7937,44,56,68,C,Table 1; year of conscription 1875-79; p50 = median
pmc6007356-swiss-conscripts,https://pmc.ncbi.nlm.nih.gov/articles/PMC6007356/,,"Swiss male conscripts aged 18-19, conscription 1875-79",Switzerland,military,Recruits/trainees,M,1875,bmi,BMI (kg/m2),kg/m2,20.63,1.97,7936,17.64,20.56,23.78,C,Table 1; year of conscription 1875-79; p50 = median
pmc6007356-swiss-conscripts,https://pmc.ncbi.nlm.nih.gov/articles/PMC6007356/,,"Swiss male conscripts aged 18-19, conscription 1932-39",Switzerland,military,Recruits/trainees,M,1932,stature,Height (cm),cm,1705.9,64.4,15707,1600.0,1710.0,1810.0,C,Table 1; year of conscription 1932-39; p50 = median
pmc6007356-swiss-conscripts,https://pmc.ncbi.nlm.nih.gov/articles/PMC6007356/,,"Swiss male conscripts aged 18-19, conscription 1932-39",Switzerland,military,Recruits/trainees,M,1932,mass,Weight (kg),kg,62.52,7.19,15707,51,62,75,C,Table 1; year of conscription 1932-39; p50 = median
pmc6007356-swiss-conscripts,https://pmc.ncbi.nlm.nih.gov/articles/PMC6007356/,,"Swiss male conscripts aged 18-19, conscription 1932-39",Switzerland,military,Recruits/trainees,M,1932,bmi,BMI (kg/m2),kg/m2,21.46,1.94,15707,18.5,21.36,24.74,C,Table 1; year of conscription 1932-39; p50 = median
pmc6007356-swiss-conscripts,https://pmc.ncbi.nlm.nih.gov/articles/PMC6007356/,,"Swiss male conscripts aged 18-19, conscription 1994",Switzerland,military,Recruits/trainees,M,1994,stature,Height (cm),cm,1772.6,65.0,25050,1670.0,1770.0,1880.0,C,Table 1; year of conscription 1994; p50 = median
pmc6007356-swiss-conscripts,https://pmc.ncbi.nlm.nih.gov/articles/PMC6007356/,,"Swiss male conscripts aged 18-19, conscription 1994",Switzerland,military,Recruits/trainees,M,1994,mass,Weight (kg),kg,70.08,10.7,25050,56,69,89,C,Table 1; year of conscription 1994; p50 = median
pmc6007356-swiss-conscripts,https://pmc.ncbi.nlm.nih.gov/articles/PMC6007356/,,"Swiss male conscripts aged 18-19, conscription 1994",Switzerland,military,Recruits/trainees,M,1994,bmi,BMI (kg/m2),kg/m2,22.28,3.05,25050,18.41,21.8,27.78,C,Table 1; year of conscription 1994; p50 = median
pmc6007356-swiss-conscripts,https://pmc.ncbi.nlm.nih.gov/articles/PMC6007356/,,"Swiss male conscripts aged 18-19, conscription 2010-12",Switzerland,military,Recruits/trainees,M,2010,stature,Height (cm),cm,1782.1,65.5,110810,1680.0,1780.0,1890.0,C,Table 1; year of conscription 2010-12; p50 = median
pmc6007356-swiss-conscripts,https://pmc.ncbi.nlm.nih.gov/articles/PMC6007356/,,"Swiss male conscripts aged 18-19, conscription 2010-12",Switzerland,military,Recruits/trainees,M,2010,mass,Weight (kg),kg,74.51,13.08,110810,58,72,99,C,Table 1; year of conscription 2010-12; p50 = median
pmc6007356-swiss-conscripts,https://pmc.ncbi.nlm.nih.gov/articles/PMC6007356/,,"Swiss male conscripts aged 18-19, conscription 2010-12",Switzerland,military,Recruits/trainees,M,2010,bmi,BMI (kg/m2),kg/m2,23.44,3.78,110810,18.79,22.74,30.59,C,Table 1; year of conscription 2010-12; p50 = median
pmc6192153-brazil-army-cadets,https://pmc.ncbi.nlm.nih.gov/articles/PMC6192153/,,"Brazilian Army preparatory school cadets (EsPCEx), males",Brazil,military,Cadets,M,2013,age,Age (years),years,19.6,1.4,205,,,,C,"n=205 total sample, Table 1; Campinas SP; DXA body composition; measured 2013"
pmc6192153-brazil-army-cadets,https://pmc.ncbi.nlm.nih.gov/articles/PMC6192153/,,"Brazilian Army preparatory school cadets (EsPCEx), males",Brazil,military,Cadets,M,2013,stature,Height (cm),cm,1762.0,64.0,205,,,,C,"n=205 total sample, Table 1; Campinas SP; DXA body composition; measured 2013"
pmc6192153-brazil-army-cadets,https://pmc.ncbi.nlm.nih.gov/articles/PMC6192153/,,"Brazilian Army preparatory school cadets (EsPCEx), males",Brazil,military,Cadets,M,2013,mass,Body mass (kg),kg,71.3,8.1,205,,,,C,"n=205 total sample, Table 1; Campinas SP; DXA body composition; measured 2013"
pmc6192153-brazil-army-cadets,https://pmc.ncbi.nlm.nih.gov/articles/PMC6192153/,,"Brazilian Army preparatory school cadets (EsPCEx), males",Brazil,military,Cadets,M,2013,bmi,BMI (kg/m2),kg/m2,22.9,2.1,205,,,,C,"n=205 total sample, Table 1; Campinas SP; DXA body composition; measured 2013"
pmc6192153-brazil-army-cadets,https://pmc.ncbi.nlm.nih.gov/articles/PMC6192153/,,"Brazilian Army preparatory school cadets (EsPCEx), males",Brazil,military,Cadets,M,2013,other:fat_mass,FM (kg),kg,12.5,3.4,205,,,,C,"n=205 total sample, Table 1; Campinas SP; DXA body composition; measured 2013"
pmc6192153-brazil-army-cadets,https://pmc.ncbi.nlm.nih.gov/articles/PMC6192153/,,"Brazilian Army preparatory school cadets (EsPCEx), males",Brazil,military,Cadets,M,2013,other:body_fat_percent,%FM,%,17.2,3.7,205,,,,C,"n=205 total sample, Table 1; Campinas SP; DXA body composition; measured 2013"
pmc6192153-brazil-army-cadets,https://pmc.ncbi.nlm.nih.gov/articles/PMC6192153/,,"Brazilian Army preparatory school cadets (EsPCEx), males",Brazil,military,Cadets,M,2013,other:fat_free_mass,FFM (kg),kg,56.3,5.9,205,,,,C,"n=205 total sample, Table 1; Campinas SP; DXA body composition; measured 2013"
pmc8171865-chile-naval-cadets,reports/openaccess/pmc8171865-chile-naval-cadets.pdf,3,"Chilean Navy cadets, Arturo Prat Naval Academy",Chile,military,Cadets,F,,age,Age (years),years,21.0,1.51,8,,,,C,Table 1 (Table 2 pre-test for weight); volunteer sample of 38 cadets aged 18-24
pmc8171865-chile-naval-cadets,reports/openaccess/pmc8171865-chile-naval-cadets.pdf,3,"Chilean Navy cadets, Arturo Prat Naval Academy",Chile,military,Cadets,F,,bmi,BMI (kg/m2),kg/m2,21.9,1.79,8,,,,C,Table 1 (Table 2 pre-test for weight); volunteer sample of 38 cadets aged 18-24
pmc8171865-chile-naval-cadets,reports/openaccess/pmc8171865-chile-naval-cadets.pdf,3,"Chilean Navy cadets, Arturo Prat Naval Academy",Chile,military,Cadets,F,,other:body_fat_percent,% Fat,%,23.3,4.7,8,,,,C,Table 1 (Table 2 pre-test for weight); volunteer sample of 38 cadets aged 18-24
pmc8171865-chile-naval-cadets,reports/openaccess/pmc8171865-chile-naval-cadets.pdf,3,"Chilean Navy cadets, Arturo Prat Naval Academy",Chile,military,Cadets,M,,age,Age (years),years,20.5,1.22,30,,,,C,Table 1 (Table 2 pre-test for weight); volunteer sample of 38 cadets aged 18-24
pmc8171865-chile-naval-cadets,reports/openaccess/pmc8171865-chile-naval-cadets.pdf,3,"Chilean Navy cadets, Arturo Prat Naval Academy",Chile,military,Cadets,M,,bmi,BMI (kg/m2),kg/m2,22.7,1.69,30,,,,C,Table 1 (Table 2 pre-test for weight); volunteer sample of 38 cadets aged 18-24
pmc8171865-chile-naval-cadets,reports/openaccess/pmc8171865-chile-naval-cadets.pdf,3,"Chilean Navy cadets, Arturo Prat Naval Academy",Chile,military,Cadets,M,,other:body_fat_percent,% Fat,%,12.6,2.2,30,,,,C,Table 1 (Table 2 pre-test for weight); volunteer sample of 38 cadets aged 18-24
pmc8171865-chile-naval-cadets,reports/openaccess/pmc8171865-chile-naval-cadets.pdf,3,"Chilean Navy cadets, Arturo Prat Naval Academy",Chile,military,Cadets,both,,age,Age (years),years,20.6,1.28,38,,,,C,Table 1 (Table 2 pre-test for weight); volunteer sample of 38 cadets aged 18-24
pmc8171865-chile-naval-cadets,reports/openaccess/pmc8171865-chile-naval-cadets.pdf,3,"Chilean Navy cadets, Arturo Prat Naval Academy",Chile,military,Cadets,both,,bmi,BMI (kg/m2),kg/m2,22.5,1.72,38,,,,C,Table 1 (Table 2 pre-test for weight); volunteer sample of 38 cadets aged 18-24
pmc8171865-chile-naval-cadets,reports/openaccess/pmc8171865-chile-naval-cadets.pdf,3,"Chilean Navy cadets, Arturo Prat Naval Academy",Chile,military,Cadets,both,,other:body_fat_percent,% Fat,%,14.9,5.2,38,,,,C,Table 1 (Table 2 pre-test for weight); volunteer sample of 38 cadets aged 18-24
pmc8171865-chile-naval-cadets,reports/openaccess/pmc8171865-chile-naval-cadets.pdf,6,"Chilean Navy cadets, Arturo Prat Naval Academy",Chile,military,Cadets,both,,mass,Weight (kg),kg,67.1,8.0,38,,,,C,Table 1 (Table 2 pre-test for weight); volunteer sample of 38 cadets aged 18-24; weight pre-test all cadets
pmc11270323-angola-military-cadets,https://pmc.ncbi.nlm.nih.gov/articles/PMC11270323/,,"Angolan military cadets, Instituto Superior Tecnico Militar (pre-training)",Angola,military,Cadets,both,,mass,Body mass,kg,69.79,11.01,74,,,,C,"n=74 (males and females pooled); Table 1 pre-training values; 34-week programme; year not stated; body mass label printed ""(m)"" but values are kg"
pmc11270323-angola-military-cadets,https://pmc.ncbi.nlm.nih.gov/articles/PMC11270323/,,"Angolan military cadets, Instituto Superior Tecnico Militar (pre-training)",Angola,military,Cadets,both,,bmi,Body mass index (kg/m2),kg/m2,25.02,4.04,74,,,,C,"n=74 (males and females pooled); Table 1 pre-training values; 34-week programme; year not stated; body mass label printed ""(m)"" but values are kg"
pmc11270323-angola-military-cadets,https://pmc.ncbi.nlm.nih.gov/articles/PMC11270323/,,"Angolan military cadets, Instituto Superior Tecnico Militar (pre-training)",Angola,military,Cadets,both,,other:body_fat_percent,Fat mass (%),%,26.86,4.13,74,,,,C,"n=74 (males and females pooled); Table 1 pre-training values; 34-week programme; year not stated; body mass label printed ""(m)"" but values are kg"
pmc7663089-taiwan-af-academy-student-pilots,https://pmc.ncbi.nlm.nih.gov/articles/PMC7663089/,,"Taiwan Air Force Academy male student pilots, pass 7.5G centrifuge",Taiwan,military,Cadets,M,,age,Age (years),years,23.53,1.19,829,,,,C,"Table 1; male student pilots, intermediate high-G training; group by centrifuge outcome (total n=873); year not stated"
pmc7663089-taiwan-af-academy-student-pilots,https://pmc.ncbi.nlm.nih.gov/articles/PMC7663089/,,"Taiwan Air Force Academy male student pilots, pass 7.5G centrifuge",Taiwan,military,Cadets,M,,stature,Height (cm),cm,1737.2,53.2,829,,,,C,"Table 1; male student pilots, intermediate high-G training; group by centrifuge outcome (total n=873); year not stated"
pmc7663089-taiwan-af-academy-student-pilots,https://pmc.ncbi.nlm.nih.gov/articles/PMC7663089/,,"Taiwan Air Force Academy male student pilots, pass 7.5G centrifuge",Taiwan,military,Cadets,M,,mass,Weight (kg),kg,70.3,8.58,829,,,,C,"Table 1; male student pilots, intermediate high-G training; group by centrifuge outcome (total n=873); year not stated"
pmc7663089-taiwan-af-academy-student-pilots,https://pmc.ncbi.nlm.nih.gov/articles/PMC7663089/,,"Taiwan Air Force Academy male student pilots, pass 7.5G centrifuge",Taiwan,military,Cadets,M,,bmi,BMI (kg/m2),kg/m2,23.27,2.42,829,,,,C,"Table 1; male student pilots, intermediate high-G training; group by centrifuge outcome (total n=873); year not stated"
pmc7663089-taiwan-af-academy-student-pilots,https://pmc.ncbi.nlm.nih.gov/articles/PMC7663089/,,"Taiwan Air Force Academy male student pilots, fail 7.5G centrifuge",Taiwan,military,Cadets,M,,age,Age (years),years,23.55,0.66,44,,,,C,"Table 1; male student pilots, intermediate high-G training; group by centrifuge outcome (total n=873); year not stated"
pmc7663089-taiwan-af-academy-student-pilots,https://pmc.ncbi.nlm.nih.gov/articles/PMC7663089/,,"Taiwan Air Force Academy male student pilots, fail 7.5G centrifuge",Taiwan,military,Cadets,M,,stature,Height (cm),cm,1741.1,61.6,44,,,,C,"Table 1; male student pilots, intermediate high-G training; group by centrifuge outcome (total n=873); year not stated"
pmc7663089-taiwan-af-academy-student-pilots,https://pmc.ncbi.nlm.nih.gov/articles/PMC7663089/,,"Taiwan Air Force Academy male student pilots, fail 7.5G centrifuge",Taiwan,military,Cadets,M,,mass,Weight (kg),kg,66.09,6.41,44,,,,C,"Table 1; male student pilots, intermediate high-G training; group by centrifuge outcome (total n=873); year not stated"
pmc7663089-taiwan-af-academy-student-pilots,https://pmc.ncbi.nlm.nih.gov/articles/PMC7663089/,,"Taiwan Air Force Academy male student pilots, fail 7.5G centrifuge",Taiwan,military,Cadets,M,,bmi,BMI (kg/m2),kg/m2,21.8,1.78,44,,,,C,"Table 1; male student pilots, intermediate high-G training; group by centrifuge outcome (total n=873); year not stated"
pmc8620872-saudi-armed-forces-applicants,https://pmc.ncbi.nlm.nih.gov/articles/PMC8620872/,,Saudi men applying for armed forces recruitment (18-30 y),Saudi Arabia,military,Recruits/trainees,M,,age,Age (years),years,20.16,2.93,2010,,,,C,"n=2010 applicants; Table 1; weight, BMI and waist rows omitted because printed SDs/ranges are internally implausible"
pmc8620872-saudi-armed-forces-applicants,https://pmc.ncbi.nlm.nih.gov/articles/PMC8620872/,,Saudi men applying for armed forces recruitment (18-30 y),Saudi Arabia,military,Recruits/trainees,M,,stature,Height (cm),cm,1693.8,68.8,2010,,,,C,"n=2010 applicants; Table 1; weight, BMI and waist rows omitted because printed SDs/ranges are internally implausible"
