var_no,r_column,hsiac_code,variable_name,alias,record,start_col,end_col,format,documented,layout_source
0,V1,SBJID,SUBJECT NUMBER,,1,1,4,F4.0,yes,AFFLY67.doc
1,V2,48,AGE,,1,5,8,F4.0,yes,AFFLY67.doc
2,V3,957,WEIGHT,,1,9,12,F4.0,yes,AFFLY67.doc
3,V4,833,SUBSCAPULAR SKF,,1,13,16,F4.0,yes,AFFLY67.doc
4,V5,888,TRICEPS SKF,,1,17,20,F4.0,yes,AFFLY67.doc
5,V6,511,JUXTANIPPLE SKF,,1,21,24,F4.0,yes,AFFLY67.doc
6,V7,,(undocumented),,1,25,28,F4.0,no,inferred
7,V8,844,SUPRAILIAC SKF,,1,29,32,F4.0,yes,AFFLY67.doc
8,V9,848,SUPRAPATELLA SKF,,1,33,36,F4.0,yes,AFFLY67.doc
9,V10,,(undocumented),,1,37,40,F4.0,no,inferred
10,V11,,(undocumented),,1,41,44,F4.0,no,inferred
11,V12,,(undocumented),,1,45,48,F4.0,no,inferred
12,V13,407,GRIP STRENGTH,,1,49,52,F4.0,yes,AFFLY67.doc
13,V14,805,STATURE,,1,53,56,F4.0,yes,AFFLY67.doc
14,V15,219,CERVICALE HT,,1,57,60,F4.0,yes,AFFLY67.doc
15,V16,23,ACROMION HT,,1,61,64,F4.0,yes,AFFLY67.doc
16,V17,309,ELBOW HT,ELBOW (RADIALE) HT,1,65,68,F4.0,yes,AFFLY67.doc
17,V18,973,WRIST HT,STYLION (WRIST) HT,1,69,72,F4.0,yes,AFFLY67.doc
18,V19,265,DACTYLION HT,,1,73,76,F4.0,yes,AFFLY67.doc
19,V20,841,SUPRASTERNALE HT,,1,77,80,F4.0,yes,AFFLY67.doc
20,V21,237,CHEST HT,NIPPLE HT,2,1,4,F4.0,yes,AFFLY67.doc
21,V22,950,WAIST HT OMPHALION,,2,5,8,F4.0,yes,AFFLY67.doc
22,V23,489,ILIOCRISTALE HT,,2,9,12,F4.0,yes,AFFLY67.doc
23,V24,188,BUTTOCK HT,,2,13,16,F4.0,yes,AFFLY67.doc
24,V25,894,TROCHANTERION HT,,2,17,20,F4.0,yes,AFFLY67.doc
25,V26,398,GLUTEAL-FURROW HT,,2,21,24,F4.0,yes,AFFLY67.doc
26,V27,249,CROTCH HT,,2,25,28,F4.0,yes,AFFLY67.doc
27,V28,666,PATELLA-TOP-HT,,2,29,32,F4.0,yes,AFFLY67.doc
28,V29,,(undocumented),,2,33,36,F4.0,no,inferred
29,V30,340,FIBULA HT,,2,37,40,F4.0,yes,AFFLY67.doc
30,V31,215,CALF HT,,2,41,44,F4.0,yes,AFFLY67.doc
31,V32,64,ANKLE HT,,2,45,48,F4.0,yes,AFFLY67.doc
32,V33,758,SITTING HT,,2,49,52,F4.0,yes,AFFLY67.doc
33,V34,330,EYE HT-SITTING,,2,53,56,F4.0,yes,AFFLY67.doc
34,V35,612,MIDSHOULDER HT-SITTING,,2,57,60,F4.0,yes,AFFLY67.doc
35,V36,25,ACROMION HT - SITTING,,2,61,64,F4.0,yes,AFFLY67.doc
36,V37,312,ELBOW REST HT - SITTING,,2,65,68,F4.0,yes,AFFLY67.doc
37,V38,529,KNEE HT - SITTING,,2,69,72,F4.0,yes,AFFLY67.doc
38,V39,678,POPLITEAL HT-SITTING,,2,73,76,F4.0,yes,AFFLY67.doc
39,V40,194,BUTTOCK-KNEE LNTH,,2,77,80,F4.0,yes,AFFLY67.doc
40,V41,200,BUTTOCK-POPLITEAL LNTH,,3,1,4,F4.0,yes,AFFLY67.doc
41,V42,42,ACROMION TO BICEPS CIRC LEVEL,,3,5,8,F4.0,yes,AFFLY67.doc
42,V43,751,SHOULDER-ELBOW LNTH,,3,9,12,F4.0,yes,AFFLY67.doc
43,V44,39,ACROMION-RADIALE LNTH,,3,13,16,F4.0,yes,AFFLY67.doc
44,V45,324,ELBOW-WRIST LNTH,,3,17,20,F4.0,yes,AFFLY67.doc
45,V46,698,RADIALE-STYLION LNTH,,3,21,24,F4.0,yes,AFFLY67.doc
46,V47,307,ELBOW-GRIP LNTH,,3,25,28,F4.0,yes,AFFLY67.doc
47,V48,867,THUMB-TIP REACH,FUNCTIONAL REACH,3,29,32,F4.0,yes,AFFLY67.doc
48,V49,869,THUMB-TIP REACH-EXTENDED,,3,33,36,F4.0,yes,AFFLY67.doc
49,V50,764,SLEEVE INSEAM LNTH,,3,37,40,F4.0,yes,AFFLY67.doc
50,V51,103,BIACROMIAL BRTH,,3,41,44,F4.0,yes,AFFLY67.doc
51,V52,122,BIDELTOID BRTH,SHOULDER (BIDELTOID) BRTH,3,45,48,F4.0,yes,AFFLY67.doc
52,V53,223,CHEST BRTH,,3,49,52,F4.0,yes,AFFLY67.doc
53,V54,928,WAIST BRTH-OMPHALION,,3,53,56,F4.0,yes,AFFLY67.doc
54,V55,130,BIILIOCRISTALE BRTH,BICRISTALE BRTH,3,57,60,F4.0,yes,AFFLY67.doc
55,V56,457,HIP BRTH,,3,61,64,F4.0,yes,AFFLY67.doc
56,V57,459,HIP BRTH-SITTING,,3,65,68,F4.0,yes,AFFLY67.doc
57,V58,293,ELBOW BRTH-BONE,ELBOW BRTH,3,69,72,F4.0,yes,AFFLY67.doc
58,V59,297,ELBOW BRTH-BONE-LEFT,,3,73,76,F4.0,yes,AFFLY67.doc
59,V60,378,FOREARM TO FOREARM BRTH,,3,77,80,F4.0,yes,AFFLY67.doc
60,V61,512,KNEE BRTH-BONE,,4,1,4,F4.0,yes,AFFLY67.doc
61,V62,513,KNEE BRTH-BONE-LEFT,,4,5,8,F4.0,yes,AFFLY67.doc
62,V63,236,CHEST DEPTH,,4,9,12,F4.0,yes,AFFLY67.doc
63,V64,943,WAIST DEPTH-OMPHALION,,4,13,16,F4.0,yes,AFFLY67.doc
64,V65,186,BUTTOCK DEPTH,,4,17,20,F4.0,yes,AFFLY67.doc
65,V66,856,THIGH CLEARANCE,THIGH CLEARANCE HT,4,21,24,F4.0,yes,AFFLY67.doc
66,V67,639,NECK CIRC OVER LARYNX,NECK CIRC-MAXIMUM,4,25,28,F4.0,yes,AFFLY67.doc
67,V68,747,SHOULDER CIRC,,4,29,32,F4.0,yes,AFFLY67.doc
68,V69,231,CHEST CIRC-AT SCYE,,4,33,36,F4.0,yes,AFFLY67.doc
69,V70,230,CHEST CIRC,,4,37,40,F4.0,yes,AFFLY67.doc
70,V71,932,WAIST CIRC-OMPHALION,,4,41,44,F4.0,yes,AFFLY67.doc
71,V72,935,WAIST CIRC-OMPHALION-SITTING,,4,45,48,F4.0,yes,AFFLY67.doc
72,V73,178,BUTTOCK CIRC,,4,49,52,F4.0,yes,AFFLY67.doc
73,V74,179,BUTTOCK CIRC-SITTING,,4,53,56,F4.0,yes,AFFLY67.doc
74,V75,916,VERTICAL TRUNK CIRC,,4,57,60,F4.0,yes,AFFLY67.doc
75,V76,917,VERT TRUNK CIRC-SITTING,,4,61,64,F4.0,yes,AFFLY67.doc
76,V77,,(undocumented),,4,65,68,F4.0,no,inferred
77,V78,,(undocumented),,4,69,72,F4.0,no,inferred
78,V79,,(undocumented),,4,73,76,F4.0,no,inferred
79,V80,,(undocumented),,4,77,80,F4.0,no,inferred
80,V81,,(undocumented),,5,1,4,F4.0,no,inferred
81,V82,,(undocumented),,5,5,8,F4.0,no,inferred
82,V83,,(undocumented),,5,9,12,F4.0,no,inferred
83,V84,,(undocumented),,5,13,16,F4.0,no,inferred
84,V85,,(undocumented),,5,17,20,F4.0,no,inferred
85,V86,,(undocumented),,5,21,24,F4.0,no,inferred
86,V87,,(undocumented),,5,25,28,F4.0,no,inferred
87,V88,,(undocumented),,5,29,32,F4.0,no,inferred
88,V89,,(undocumented),,5,33,36,F4.0,no,inferred
89,V90,,(undocumented),,5,37,40,F4.0,no,inferred
90,V91,,(undocumented),,5,41,44,F4.0,no,inferred
91,V92,,(undocumented),,5,45,48,F4.0,no,inferred
92,V93,,(undocumented),,5,49,52,F4.0,no,inferred
93,V94,,(undocumented),,5,53,56,F4.0,no,inferred
94,V95,,(undocumented),,5,57,60,F4.0,no,inferred
95,V96,,(undocumented),,5,61,64,F4.0,no,inferred
96,V97,852,THIGH CIRC-PROXIMAL,UPPER THIGH CIRC,5,65,68,F4.0,yes,AFFLY67.doc
97,V98,853,THIGH CIRC-PROXIMAL-SIT,"THIGH CIRC, SITTING",5,69,72,F4.0,yes,AFFLY67.doc
98,V99,515,KNEE CIRC,,5,73,76,F4.0,yes,AFFLY67.doc
99,V100,517,KNEE CIRC - SITTING,,5,77,80,F4.0,yes,AFFLY67.doc
100,V101,207,CALF CIRC,,6,2,4,F3.0,yes,AFFLY67.doc
101,V102,209,CALF CIRC-LEFT,,6,5,7,F3.0,yes,AFFLY67.doc
102,V103,58,ANKLE CIRC,,6,8,10,F3.0,yes,AFFLY67.doc
103,V104,732,SCYE CIRC-OVER ACROMION,,6,11,13,F3.0,yes,AFFLY67.doc
104,V105,72,ARM CIRC-BICEPS RELAXED,"BICEPS CIRC, RELAXED",6,14,16,F3.0,yes,AFFLY67.doc
105,V106,73,ARM CIRC-BICEPS RELAXED-LEFT,"BICEPS CIRC, RELAXED-LEFT",6,17,19,F3.0,yes,AFFLY67.doc
106,V107,77,ARM CIRC-BICEPS FLEXED,"BICEPS CIRC, FLEXED",6,20,22,F3.0,yes,AFFLY67.doc
107,V108,78,ARM CIRC-BICEPS FLEXED-LEFT,"BICEPS CIRC, FLEXED-RIGHT",6,23,25,F3.0,yes,AFFLY67.doc
108,V109,303,ELBOW CIRC-EXTENDED,"ELBOW CIRC, RELAXED",6,26,28,F3.0,yes,AFFLY67.doc
109,V110,305,ELBOW CIRC-FLEXED,,6,29,31,F3.0,yes,AFFLY67.doc
110,V111,370,FOREARM CIRC-EXTENDED,LOWER ARM CIRC - EXTENDED,6,32,34,F3.0,yes,AFFLY67.doc
111,V112,371,FOREARM CIRC-FLEXED,LOWER ARM CIRC - FLEXED,6,35,37,F3.0,yes,AFFLY67.doc
112,V113,967,WRIST CIRC-MIN,,6,38,40,F3.0,yes,AFFLY67.doc
113,V114,803,SPINE TO SCYE LNTH,,6,41,43,F3.0,yes,AFFLY67.doc
114,V115,802,SPINE TO ELBOW LNTH,,6,44,46,F3.0,yes,AFFLY67.doc
115,V116,804,SPINE TO WRIST LNTH,,6,47,50,F4.0,yes,AFFLY67.doc
116,V117,644,NECK LNTH-ANTERIOR,ANTERIOR NECK LNTH,6,51,53,F3.0,yes,AFFLY67.doc
117,V118,,(undocumented),,6,54,56,F3.0,no,inferred
118,V119,754,SHOULDER LNTH,,6,57,59,F3.0,yes,AFFLY67.doc
119,V120,269,DELTOID ARC,,6,60,62,F3.0,yes,AFFLY67.doc
120,V121,506,INTERSCYE DIST,INTERSCYE,6,63,65,F3.0,yes,AFFLY67.doc
121,V122,507,INTERSCYE DIST-MAX,INTERSCYE-MAXIMUM,6,66,68,F3.0,yes,AFFLY67.doc
122,V123,946,WAIST FRNT LNTH-OMPHALION,,6,69,71,F3.0,yes,AFFLY67.doc
123,V124,252,CROTCH LNTH-UMBILICUS,CROTCH LNTH-OMPHALION,6,72,74,F3.0,yes,AFFLY67.doc
124,V125,921,WAIST BACK LNTH-OMPHALION,,6,75,77,F3.0,yes,AFFLY67.doc
125,V126,362,FOOT LNTH,,6,78,80,F3.0,yes,AFFLY67.doc
126,V127,496,INSTEP LNTH,,7,3,5,F3.0,yes,AFFLY67.doc
127,V128,356,FOOT BRTH,FOOT BRTH,7,6,8,F3.0,yes,AFFLY67.doc
128,V129,358,FOOT CIRC,BALL OF FOOT CIRC,7,9,11,F3.0,yes,AFFLY67.doc
129,V130,493,INSTEP CIRC,,7,12,14,F3.0,yes,AFFLY67.doc
130,V131,445,HEEL ANKLE CIRC,HEEL CIRC,7,15,17,F3.0,yes,AFFLY67.doc
131,V132,134,BIMALLEOLAR BRTH,BI-MALLEOLUS BRTH,7,18,20,F3.0,yes,AFFLY67.doc
132,V133,543,LATERAL MALLEOLUS HT,,7,21,23,F3.0,yes,AFFLY67.doc (end column corrected from 22)
133,V134,579,MEDIAL MALLEOLUS HT,,7,24,26,F3.0,yes,AFFLY67.doc
134,V135,420,HAND LNTH,,7,27,29,F3.0,yes,AFFLY67.doc
135,V136,657,PALM LNTH,,7,30,32,F3.0,yes,AFFLY67.doc
136,V137,411,HAND BRTH AT METACARPALE,HAND BRTH,7,33,35,F3.0,yes,AFFLY67.doc
137,V138,413,HAND BRTH-AT THUMB,HAND BRTH ACROSS THUMB,7,36,38,F3.0,yes,AFFLY67.doc
138,V139,416,HAND CIRC AT METACARPALE,,7,39,41,F3.0,yes,AFFLY67.doc
139,V140,417,HAND CIRC-OVER THUMB,"HAND CIRC, INCLUDING THUMB",7,42,44,F3.0,yes,AFFLY67.doc
140,V141,425,HAND THICKNESS AT META III,HAND THICKNESS,7,45,47,F3.0,yes,AFFLY67.doc
141,V142,430,HEAD CIRC,,7,48,50,F3.0,yes,AFFLY67.doc
142,V143,,(undocumented),,7,51,53,F3.0,no,inferred
143,V144,616,MINIMUM FRONTAL ARC,MINIMUM-FRONTAL CURVATURE,7,54,56,F3.0,yes,AFFLY67.doc
144,V145,144,BITRAGION-CORONAL ARC,BITRAGION-CORONAL CURVATURE,7,57,59,F3.0,yes,AFFLY67.doc
145,V146,152,BITRAGION-MIN FRONTAL ARC,BITRAGION-MIN FRONTAL CURVATURE,7,60,62,F3.0,yes,AFFLY67.doc
146,V147,158,BITRAGION-SUBNASALE ARC,BITRAGION-SUBNASALE CURVATURE,7,63,65,F3.0,yes,AFFLY67.doc
147,V148,150,BITRAGION-MENTON ARC,BITRAGION-MENTON CURVATURE,7,66,68,F3.0,yes,AFFLY67.doc
148,V149,156,BITRAGION-SUBMANDIBULAR ARC,BITRAGION-SUBMANDIBULAR CURVATURE,7,69,71,F3.0,yes,AFFLY67.doc
149,V150,153,BITRAGION-POSTERIOR ARC,,7,72,74,F3.0,yes,AFFLY67.doc
150,V151,441,HEAD LNTH,,7,75,77,F3.0,yes,AFFLY67.doc
151,V152,437,HEAD DIAG-MENTON TO OCCIPUT,HEAD DIAG-MENTON TO BACK OF HEAD,7,78,80,F3.0,yes,AFFLY67.doc
152,V153,436,HEAD DIAG-MAX FROM NUCHALE,HEAD DIAG-NUCHALE TO TIP OF NOSE,8,3,5,F3.0,yes,AFFLY67.doc
153,V154,277,EAR BRTH,,8,6,8,F3.0,yes,AFFLY67.doc
154,V155,280,EAR LNTH,,8,9,11,F3.0,yes,AFFLY67.doc
155,V156,282,EAR LNTH-ABOVE TRAGION,,8,12,14,F3.0,yes,AFFLY67.doc
156,V157,427,HEAD BRTH,,8,15,17,F3.0,yes,AFFLY67.doc
157,V158,569,MAX FRONTAL BRTH,,8,18,20,F3.0,yes,AFFLY67.doc
158,V159,142,BITRAGION BRTH,,8,21,23,F3.0,yes,AFFLY67.doc (end column corrected from 22)
159,V160,165,BIZYGOMATIC BRTH,FACE (BIZYGOMATIC) BRTH,8,24,26,F3.0,yes,AFFLY67.doc
160,V161,126,BIGONIAL BRTH,,8,27,29,F3.0,yes,AFFLY67.doc
161,V162,286,EAR TO EAR BRTH,,8,30,32,F3.0,yes,AFFLY67.doc
162,V163,138,BIOCULAR BRTH,,8,33,35,F3.0,yes,AFFLY67.doc
163,V164,503,INTERPUPILLARY DIST,INTERPUPILLARY BRTH,8,36,38,F3.0,yes,AFFLY67.doc
164,V165,500,INTEROCULAR DIST,INTEROCULAR BRTH,8,39,41,F3.0,yes,AFFLY67.doc
165,V166,651,NOSE BRTH,NASAL BRTH,8,42,44,F3.0,yes,AFFLY67.doc
166,V167,547,LIP LNTH,,8,45,47,F3.0,yes,AFFLY67.doc
167,V168,285,EAR PROTRUSION,,8,48,50,F3.0,yes,AFFLY67.doc
168,V169,825,SUBNASALE TO NASAL ROOT DEP,SUBNASALE-SELLION LNTH,8,51,53,F3.0,yes,AFFLY67.doc
169,V170,674,PHILTRUM LNTH,,8,54,56,F3.0,yes,AFFLY67.doc
170,V171,555,LIP-LIP LNTH,LIP TO LIP DISTANCE,8,57,59,F3.0,yes,AFFLY67.doc
171,V172,592,MENTON-SUBNASALE LNTH,,8,60,62,F3.0,yes,AFFLY67.doc
172,V173,586,MENTON TO NASAL ROOT DEP LNTH,FACE (MENTON-SELLION) LNTH,8,63,65,F3.0,yes,AFFLY67.doc
173,V174,393,GLABELLA TO TOP OF HEAD,,8,66,68,F3.0,yes,AFFLY67.doc
174,V175,633,NASAL ROOT DEP TO TOP OF HEAD,,8,69,71,F3.0,yes,AFFLY67.doc
175,V176,327,EXTERNAL CANTHUS TO VERTEX,ECTOCANTHUS TO TOP OF HEAD,8,72,74,F3.0,yes,AFFLY67.doc
176,V177,692,PRONASALE TO TOP OF HEAD,,8,75,77,F3.0,yes,AFFLY67.doc
177,V178,830,SUBNASALE TO TOP OF HEAD,,8,78,80,F3.0,yes,AFFLY67.doc
178,V179,815,STOMION TO TOP OF HEAD,,9,1,3,F3.0,yes,AFFLY67.doc
179,V180,595,MENTON TO TOP OF HEAD,,9,4,6,F3.0,yes,AFFLY67.doc
180,V181,882,TRAGION TO TOP OF HEAD,,9,7,9,F3.0,yes,AFFLY67.doc
181,V182,394,GLABELLA TO WALL,,9,10,12,F3.0,yes,AFFLY67.doc
182,V183,634,NASAL ROOT DEP TO WALL,,9,13,15,F3.0,yes,AFFLY67.doc
183,V184,328,EXTERNAL CANTHUS TO WALL,,9,16,18,F3.0,yes,AFFLY67.doc
184,V185,694,PRONASALE TO WALL,,9,19,21,F3.0,yes,AFFLY67.doc
185,V186,831,SUBNASALE TO WALL,,9,22,24,F3.0,yes,AFFLY67.doc
186,V187,553,LIP PROTRUSION TO WALL,,9,25,27,F3.0,yes,AFFLY67.doc
187,V188,596,MENTON TO WALL,,9,28,30,F3.0,yes,AFFLY67.doc
188,V189,884,TRAGION TO WALL,,9,31,33,F3.0,yes,AFFLY67.doc
189,V190,960,WEIGHT REPORTED,GUESSED HEIGHT,9,34,36,F3.0,yes,AFFLY67.doc
190,V191,808,STATURE REPORTED,GUESSED WEIGHT,9,37,39,F3.0,yes,AFFLY67.doc
191,V192,1038,RANK-AFFLY67,,9,40,42,F3.0,yes,AFFLY67.doc
192,V193,1015,AERORATING-AFFLY67,,9,43,45,F3.0,yes,AFFLY67.doc
193,V194,1016,AIRCRAFT CATEGORY-AFFLY67,,9,46,48,F3.0,yes,AFFLY67.doc
194,V195,1006,BIRTHPLACE-SUBJECT-AFFLY67,,9,49,51,F3.0,yes,AFFLY67.doc
195,V196,1007,BIRTHPLACE-FATHER-AFFLY67,,9,52,54,F3.0,yes,AFFLY67.doc
196,V197,1008,BIRTHPLACE-MOTHER-AFFLY67,,9,55,57,F3.0,yes,AFFLY67.doc
197,V198,1037,RACE-AFFLY67,,9,58,60,F3.0,yes,AFFLY67.doc
198,V199,1005,HANDEDNESS,,9,61,63,F3.0,yes,AFFLY67.doc
199,V200,1003,BLOOD TYPE,,9,64,66,F3.0,yes,AFFLY67.doc
200,V201,1004,RH FACTOR,,9,67,69,F3.0,yes,AFFLY67.doc
201,V202,1017,COMMAND-AFFLY67,,9,70,72,F3.0,yes,AFFLY67.doc
