id,group,country,citation_apa,doi,direct_link,alternative_links,access,save_as,why_not_read,citation_status
alwardi2016-oman,journal,Oman,"Al Wardi, Y. M., Jeevarathinam, S., & Al Sabei, S. H. (2016). Eastern bodies in western cockpits: An anthropometric study in the Oman military aviation. Cogent Engineering, 3(1), Article 1269384. https://doi.org/10.1080/23311916.2016.1269384",10.1080/23311916.2016.1269384,https://doi.org/10.1080/23311916.2016.1269384,https://www.tandfonline.com/doi/pdf/10.1080/23311916.2016.1269384?needAccess=true,open access (CC BY 4.0),Oman/AlWardi_2016_Oman_military_aviation_anthropometry.pdf,"The publisher site refused automated requests; only the abstract was read (2,296 Omani recruits, 2003-2012).",verified
dasilva2017-brazil-pilots,journal,Brazil,"da Silva, G. V., Halpern, M., & Gordon, C. C. (2017). Anthropometry of Brazilian Air Force pilots. Ergonomics, 60(10), 1445–1457. https://doi.org/10.1080/00140139.2017.1301575",10.1080/00140139.2017.1301575,https://doi.org/10.1080/00140139.2017.1301575,https://pubmed.ncbi.nlm.nih.gov/28271959/,paywalled (Taylor & Francis),Brazil/daSilva_2017_Brazilian_Air_Force_pilots.pdf,"Paywalled; abstract only (39 cockpit measures; 2,133 men and 206 women reported in the abstract).",verified
dasilva2018-brazil-us,journal,Brazil,"da Silva, G. V., Gordon, C. C., & Halpern, M. (2018). Comparison of anthropometry of Brazilian and US military population for flight deck design. International Journal of Industrial Ergonomics, 64, 170–177. https://doi.org/10.1016/j.ergon.2018.01.016",10.1016/j.ergon.2018.01.016,https://doi.org/10.1016/j.ergon.2018.01.016,https://www.sciencedirect.com/science/article/abs/pii/S016981411730433X,paywalled (Elsevier),Brazil/daSilva_2018_Brazilian_vs_US_military_flight_deck.pdf,Paywalled; only a search snippet was seen.,verified
lee2013-korea-helicopter,journal,South Korea,"Lee, W., Jung, K., Jeong, J., Park, J., Cho, J., Kim, H., Park, S., & You, H. (2013). An anthropometric analysis of Korean male helicopter pilots for helicopter cockpit design. Ergonomics, 56(5), 879–887. https://doi.org/10.1080/00140139.2013.776703",10.1080/00140139.2013.776703,https://doi.org/10.1080/00140139.2013.776703,,paywalled (Taylor & Francis),South_Korea/Lee_2013_Korean_male_helicopter_pilots.pdf,"Paywalled; abstract only (21 measures, 94 Korean male helicopter pilots).",verified
evans2025-uk-tri-service,journal,United Kingdom,"Evans, L., Pringle, R., & Lewis, E. (2025). Women are not small men: The UK's new, comprehensive Tri-Service Anthropometry survey. Ergonomics, 68(5), 673–682. https://doi.org/10.1080/00140139.2024.2378365",10.1080/00140139.2024.2378365,https://doi.org/10.1080/00140139.2024.2378365,https://pubmed.ncbi.nlm.nih.gov/39082614/,paywalled (Taylor & Francis); first published online 31 July 2024,United_Kingdom/Evans_2025_UK_Tri-Service_Anthropometry_survey.pdf,Paywalled. The paper covers requirements and pilot studies; the final survey figures are unconfirmed.,verified
kayis1991-turkey,journal,Turkey,"Kayış, B., & Özok, A. F. (1991). The anthropometry of Turkish army men. Applied Ergonomics, 22(1), 49–54. https://doi.org/10.1016/0003-6870(91)90012-7",10.1016/0003-6870(91)90012-7,https://doi.org/10.1016/0003-6870(91)90012-7,,paywalled (Elsevier),Turkey/Kayis_1991_Turkish_army_men.pdf,Paywalled; never opened. The earlier research summary gave no volume or pages.,verified
wibneh2020-ethiopia,journal,Ethiopia,"Wibneh, A., Singh, A. K., & Karmakar, S. (2020). Anthropometric measurement and comparative analysis of Ethiopian army personnel across age, ethnicity, and nationality. Defence Science Journal, 70(4), 383–396. https://doi.org/10.14429/dsj.70.15435",10.14429/dsj.70.15435,https://doi.org/10.14429/dsj.70.15435,https://publications.drdo.gov.in/ojs/index.php/dsj/article/download/15435/7316,open access (CC BY-NC-ND 2.5 IN),Ethiopia/Wibneh_2020_Ethiopian_army_personnel.pdf,The publisher host (DRDO) blocked automated requests; only the abstract was read.,verified
barraza2020-chile,journal,Chile,"Barraza Gómez, F., Yáñez Sepúlveda, R., Tuesta Roa, M., Hecht Chau, G., Báez San Martín, E., & Henríquez Valenzuela, M. (2020). Características antropométricas de personal militar masculino chileno. Revista Cubana de Medicina Militar, 49(2).",,https://revmedmilitar.sld.cu/index.php/mil/article/view/514,http://scielo.sld.cu/scielo.php?pid=S0138-65572020000200003&script=sci_abstract&tlng=en | https://repositorio.uvm.cl/items/a567b1b7-ad19-4d0a-b4ab-9c660fb00f25,open access (SciELO Cuba / journal site),Chile/Barraza_2020_Chilean_male_military_personnel.pdf,Only the abstract was read (83 men); full text not reachable from the automated environment. No DOI was found; the journal URL is given.,verified
alzahrani2023-saudi,journal,Saudi Arabia,"Alzahrani, E., & Alyazedi, F. M. (2023). The impact of a 10-week military training course on Saudi medical recruits' fitness and physical activity levels. Cureus, 15(10), Article e46593. https://doi.org/10.7759/cureus.46593",10.7759/cureus.46593,https://doi.org/10.7759/cureus.46593,https://pmc.ncbi.nlm.nih.gov/articles/PMC10625793/,open access (CC BY),Saudi_Arabia/Alzahrani_2023_Saudi_medical_recruits_fitness.pdf,Only the abstract was read. Anthropometric means may be in the tables.,verified
vaidya2009-india,journal,India,"Vaidya, R., Bhalwar, R., & Bobdey, S. (2009). Anthropometric parameters of armed forces personnel. Medical Journal Armed Forces India, 65(4), 313–318. https://doi.org/10.1016/S0377-1237(09)80090-7",10.1016/S0377-1237(09)80090-7,https://pmc.ncbi.nlm.nih.gov/articles/PMC4921355/,https://doi.org/10.1016/S0377-1237(09)80090-7,free full text on PubMed Central (PMC4921355),India/Vaidya_2009_Indian_armed_forces_anthropometry.pdf,"PMC blocks automated downloads. Only a summary of the text was seen, and the tabulated BMI contradicted the weight and height figures, so none of its values are used in this project.",verified
shu2015-canada-cfas,journal,Canada,"Shu, C., Xi, P., & Keefe, A. (2015). Data processing and analysis for the 2012 Canadian Forces 3D anthropometric survey. Procedia Manufacturing, 3, 3745–3752. https://doi.org/10.1016/j.promfg.2015.07.813",10.1016/j.promfg.2015.07.813,https://doi.org/10.1016/j.promfg.2015.07.813,https://nrc-publications.canada.ca/eng/view/accepted/?id=828ecbbf-d18d-48ae-970e-9f8ffa9c453b | https://www.sciencedirect.com/science/article/pii/S2351978915008148,open access (Elsevier),Canada/Shu_2015_Canadian_Forces_3D_anthropometric_survey.pdf,"ScienceDirect blocks automated requests. This paper describes the 2012 Canadian Forces survey (2,205 people), whose summary statistics are not otherwise public.",verified
oliveira2008-brazil-military,journal,Brazil,"Oliveira, E. A. M., & Anjos, L. A. dos. (2008). Medidas antropométricas segundo aptidão cardiorrespiratória em militares da ativa, Brasil. Revista de Saúde Pública, 42(2), 217–223. https://doi.org/10.1590/S0034-89102008000200005",10.1590/S0034-89102008000200005,https://doi.org/10.1590/S0034-89102008000200005,https://www.scielo.br/j/rsp/a/94mR49x5KvYPQcRkHGcjNQP/?lang=pt&format=pdf | https://pubmed.ncbi.nlm.nih.gov/18372973/,open access (SciELO),Brazil/Oliveira_2008_Brazilian_active_duty_military.pdf,Found in a search late in the project; only the PubMed record was seen. Reports measures for Brazilian military men by fitness level.,verified
mangan2018-cfas-lessons,report,Canada,"Mangan, B., Szyszlo, K., & Angel, H. (2018). 2012 Canadian Forces anthropometric survey - Lessons learned (January - April 2012) (Contract Report DRDC-RDDC-2018-C056; Catalogue no. D68-3/056-2018E-PDF). Defence Research and Development Canada, Toronto Research Centre. https://publications.gc.ca/site/eng/9.881239/publication.html",,https://publications.gc.ca/site/eng/9.881239/publication.html,https://publications.gc.ca/collections/collection_2019/rddc-drdc/D68-3-056-2018-eng.pdf,free (Government of Canada publications),Canada/Mangan_2018_CFAS_lessons_learned.pdf,"The PDF link returned an 'archived information' page, not the file.",verified
drdc-cfas-report,report,Canada,"Defence Research and Development Canada. (n.d.). [Report on the 2012 Canadian Forces anthropometric survey; authors, title and report number not confirmed]. https://cradpdf.drdc-rddc.gc.ca/PDFS/unc328/p803174_A1b.pdf",,https://cradpdf.drdc-rddc.gc.ca/PDFS/unc328/p803174_A1b.pdf,,free (DRDC),Canada/DRDC_CFAS_report_p803174.pdf,The DRDC host resets connections from the automated environment. Complete the citation from the title page.,incomplete
hertzberg1963-nato,report,Turkey; Greece; Italy,"Hertzberg, H. T. E., Churchill, E., Dupertuis, C. W., White, R. M., & Damon, A. (1963). Anthropometric survey of Turkey, Greece, and Italy (AGARDograph 73). Pergamon Press.",,https://archive.org/details/lccn_63-17517,https://apps.dtic.mil/sti/citations/AD0421428,library or Internet Archive lending copy; also DTIC AD 421428,NATO_Turkey_Greece_Italy/Hertzberg_1963_AGARDograph73_Turkey_Greece_Italy.pdf,Not downloadable from the automated environment (DTIC blocked; the Internet Archive item is a lending-library record).,verified
stewart1985-canada-aircrew,report,Canada,"Stewart, L. E. (1985). 1985 anthropometric survey of the Canadian Forces aircrew (DCIEM Technical Report 85-12-01) [Report number as given in the research summary, not verified]. Defence and Civil Institute of Environmental Medicine.",,https://cradpdf.drdc-rddc.gc.ca/,https://apps.dtic.mil/sti/search,unknown (search DRDC / DTIC),Canada/Stewart_1985_Canadian_Forces_aircrew.pdf,No copy was found online.,incomplete
bolton1973-raf,report,United Kingdom,"Bolton, C. B., et al. (1973). An anthropometric survey of 2000 Royal Air Force aircrew 1970/71. Royal Aircraft Establishment [Report number not verified].",,https://apps.dtic.mil/sti/search,https://discovery.nationalarchives.gov.uk/,unknown (UK MOD / The National Archives / DTIC),United_Kingdom/Bolton_1973_RAF_aircrew_1970-71.pdf,No copy was found online; citation is incomplete.,incomplete
dtic-ad0654762,report,Latin America,"[Earlier US Army report on Latin American armed forces trainees, 1965-66; title and authors not verified.] (1966). Defense Technical Information Center, accession AD0654762.",,https://apps.dtic.mil/sti/tr/pdf/AD0654762.pdf,https://apps.dtic.mil/sti/citations/AD0654762,free (DTIC),Latin_America/DTIC_AD0654762_Latin_American_trainees_1965-66.pdf,DTIC blocked automated requests and the Internet Archive mirror returned an error. Complete the citation from the title page.,incomplete
dtic-ad1100615,report,United States,"[US Army sizing system memorandum based on ANSUR II, 2020; title and authors not verified.] (2020). Defense Technical Information Center, accession AD1100615.",,https://apps.dtic.mil/sti/tr/pdf/AD1100615.pdf,https://apps.dtic.mil/sti/citations/AD1100615,free (DTIC),United_States/DTIC_AD1100615_Army_sizing_ANSUR_II_2020.pdf,DTIC blocked automated requests and the Internet Archive mirror returned an error. Complete the citation from the title page.,incomplete
